cell_id,region,hour,active_users,traffic_mbps,capacity_mbps,utilization_pct,throughput_mbps,latency_ms,drop_rate_pct,packet_loss_pct,rsrp_dbm,sinr_db,coverage_status,qos_class,distance_km
ADD-01,Addis Ababa,0,20,27.3,80,34.1,74.2,14.8,0.0,0.01,-86.2,16.6,Fair,Good,2.0
ADD-01,Addis Ababa,1,18,19.9,80,24.9,74.9,15.6,0.03,0.0,-85.9,17.4,Fair,Good,2.0
ADD-01,Addis Ababa,2,16,24.1,80,30.1,76.2,18.0,0.0,0.0,-86.6,18.0,Fair,Good,2.0
ADD-01,Addis Ababa,3,14,21.1,80,26.4,75.2,12.5,0.08,0.0,-83.5,18.6,Good,Excellent,2.0
ADD-01,Addis Ababa,4,16,23.0,80,28.8,76.3,17.0,0.11,0.0,-90.8,16.2,Fair,Good,2.0
ADD-01,Addis Ababa,5,18,30.2,80,37.8,74.3,14.5,0.0,0.0,-89.3,19.1,Fair,Good,2.0
ADD-01,Addis Ababa,6,18,20.0,80,25.0,77.0,19.9,0.03,0.06,-84.6,16.6,Good,Excellent,2.0
ADD-01,Addis Ababa,7,20,26.4,80,33.0,72.9,17.9,0.0,0.09,-83.3,19.9,Good,Excellent,2.0
ADD-01,Addis Ababa,8,25,31.3,80,39.1,76.3,15.7,0.4,0.06,-86.3,16.6,Fair,Good,2.0
ADD-01,Addis Ababa,9,26,38.0,80,47.5,76.3,17.8,0.11,0.07,-89.1,18.3,Fair,Good,2.0
ADD-01,Addis Ababa,10,24,27.9,80,34.9,77.9,15.4,0.0,0.0,-89.2,17.7,Fair,Good,2.0
ADD-01,Addis Ababa,11,20,25.3,80,31.6,76.3,12.3,0.29,0.09,-88.9,16.5,Fair,Good,2.0
ADD-01,Addis Ababa,12,18,21.6,80,27.0,74.7,15.6,0.0,0.0,-85.3,15.8,Fair,Good,2.0
ADD-01,Addis Ababa,13,24,28.5,80,35.6,75.8,15.3,0.22,0.16,-86.1,18.5,Fair,Good,2.0
ADD-01,Addis Ababa,14,24,34.4,80,43.0,73.4,14.0,0.0,0.11,-87.6,18.3,Fair,Good,2.0
ADD-01,Addis Ababa,15,22,33.4,80,41.8,77.4,13.1,0.0,0.09,-86.9,19.3,Fair,Good,2.0
ADD-01,Addis Ababa,16,32,51.3,80,64.1,76.4,15.4,0.0,0.06,-83.4,19.3,Good,Excellent,2.0
ADD-01,Addis Ababa,17,39,66.2,80,82.8,68.5,37.1,0.61,0.13,-85.8,17.7,Fair,Good,2.0
ADD-01,Addis Ababa,18,41,66.0,80,82.5,70.1,35.8,0.43,0.0,-84.1,19.7,Good,Good,2.0
ADD-01,Addis Ababa,19,37,51.7,80,64.6,77.7,23.0,0.06,0.0,-87.0,16.3,Fair,Good,2.0
ADD-01,Addis Ababa,20,43,53.8,80,67.2,77.8,22.4,0.0,0.0,-85.3,18.1,Fair,Good,2.0
ADD-01,Addis Ababa,21,41,66.4,80,83.0,71.7,37.9,0.21,0.05,-86.0,14.6,Fair,Good,2.0
ADD-01,Addis Ababa,22,45,64.4,80,80.5,69.7,33.0,0.24,0.02,-85.2,17.2,Fair,Good,2.0
ADD-01,Addis Ababa,23,28,37.4,80,46.8,74.3,12.9,0.13,0.01,-88.5,20.1,Fair,Good,2.0
ADD-02,Addis Ababa,0,14,22.2,100,22.2,96.1,19.4,0.14,0.1,-81.0,23.8,Good,Excellent,1.24
ADD-02,Addis Ababa,1,21,27.8,100,27.8,94.9,14.4,0.0,0.03,-81.7,16.7,Good,Excellent,1.24
ADD-02,Addis Ababa,2,17,19.1,100,19.1,95.1,12.8,0.0,0.05,-83.1,19.6,Good,Excellent,1.24
ADD-02,Addis Ababa,3,18,20.4,100,20.4,97.7,18.5,0.0,0.04,-76.8,20.8,Good,Excellent,1.24
ADD-02,Addis Ababa,4,15,18.9,100,18.9,96.0,18.6,0.0,0.0,-83.8,17.8,Good,Excellent,1.24
ADD-02,Addis Ababa,5,13,18.6,100,18.6,95.8,21.0,0.0,0.15,-80.0,19.9,Good,Excellent,1.24
ADD-02,Addis Ababa,6,16,24.9,100,24.9,93.1,15.8,0.0,0.0,-81.1,19.2,Good,Excellent,1.24
ADD-02,Addis Ababa,7,16,21.4,100,21.4,94.7,14.6,0.01,0.19,-78.7,20.0,Good,Excellent,1.24
ADD-02,Addis Ababa,8,28,33.5,100,33.5,95.1,14.8,0.02,0.06,-81.7,17.1,Good,Excellent,1.24
ADD-02,Addis Ababa,9,22,30.2,100,30.2,95.9,15.7,0.0,0.02,-80.6,18.1,Good,Excellent,1.24
ADD-02,Addis Ababa,10,21,23.4,100,23.4,95.7,13.9,0.13,0.07,-83.4,19.3,Good,Excellent,1.24
ADD-02,Addis Ababa,11,24,30.5,100,30.5,91.4,12.3,0.0,0.09,-80.9,16.9,Good,Excellent,1.24
ADD-02,Addis Ababa,12,20,31.1,100,31.1,96.4,15.1,0.05,0.01,-79.2,18.0,Good,Excellent,1.24
ADD-02,Addis Ababa,13,30,44.4,100,44.4,97.4,12.4,0.12,0.1,-86.0,17.3,Fair,Good,1.24
ADD-02,Addis Ababa,14,28,39.1,100,39.1,97.0,15.6,0.0,0.0,-81.9,17.0,Good,Excellent,1.24
ADD-02,Addis Ababa,15,22,32.4,100,32.4,96.1,18.6,0.17,0.02,-83.0,18.3,Good,Excellent,1.24
ADD-02,Addis Ababa,16,37,42.6,100,42.6,96.7,15.5,0.0,0.0,-81.4,20.2,Good,Excellent,1.24
ADD-02,Addis Ababa,17,27,31.6,100,31.6,96.0,16.3,0.0,0.0,-79.3,19.2,Good,Excellent,1.24
ADD-02,Addis Ababa,18,50,83.9,100,83.9,85.5,35.2,0.54,0.23,-81.6,16.9,Good,Good,1.24
ADD-02,Addis Ababa,19,46,63.1,100,63.1,94.8,21.7,0.0,0.06,-79.5,20.7,Good,Excellent,1.24
ADD-02,Addis Ababa,20,36,47.2,100,47.2,95.7,21.6,0.14,0.0,-83.8,18.2,Good,Excellent,1.24
ADD-02,Addis Ababa,21,42,69.2,100,69.2,96.4,23.9,0.0,0.0,-80.5,20.2,Good,Excellent,1.24
ADD-02,Addis Ababa,22,27,35.9,100,35.9,91.8,14.2,0.0,0.0,-82.3,19.9,Good,Excellent,1.24
ADD-02,Addis Ababa,23,33,45.2,100,45.2,97.1,20.6,0.0,0.0,-85.1,18.8,Fair,Good,1.24
ADD-03,Addis Ababa,0,20,31.8,100,31.8,89.8,14.0,0.09,0.13,-78.6,20.0,Good,Excellent,2.95
ADD-03,Addis Ababa,1,18,25.8,100,25.8,90.9,21.9,0.0,0.04,-79.0,17.3,Good,Excellent,2.95
ADD-03,Addis Ababa,2,17,26.8,100,26.8,95.3,14.6,0.0,0.0,-76.9,17.8,Good,Excellent,2.95
ADD-03,Addis Ababa,3,17,24.2,100,24.2,98.2,13.6,0.08,0.0,-74.4,16.3,Good,Excellent,2.95
ADD-03,Addis Ababa,4,16,22.5,100,22.5,96.2,14.4,0.0,0.0,-79.4,18.5,Good,Excellent,2.95
ADD-03,Addis Ababa,5,18,29.5,100,29.5,93.7,15.2,0.29,0.09,-80.3,16.8,Good,Excellent,2.95
ADD-03,Addis Ababa,6,19,25.2,100,25.2,95.0,16.9,0.0,0.0,-79.1,16.8,Good,Excellent,2.95
ADD-03,Addis Ababa,7,24,36.8,100,36.8,95.9,18.0,0.0,0.0,-78.6,16.8,Good,Excellent,2.95
ADD-03,Addis Ababa,8,17,20.6,100,20.6,95.2,13.4,0.0,0.0,-76.9,18.3,Good,Excellent,2.95
ADD-03,Addis Ababa,9,23,34.3,100,34.3,95.8,20.9,0.22,0.24,-73.9,17.1,Good,Excellent,2.95
ADD-03,Addis Ababa,10,21,34.4,100,34.4,90.8,15.9,0.0,0.0,-82.6,18.9,Good,Excellent,2.95
ADD-03,Addis Ababa,11,21,24.2,100,24.2,98.6,15.8,0.08,0.09,-77.8,18.2,Good,Excellent,2.95
ADD-03,Addis Ababa,12,21,33.7,100,33.7,95.4,21.1,0.15,0.11,-81.5,19.0,Good,Excellent,2.95
ADD-03,Addis Ababa,13,15,24.9,100,24.9,93.5,9.6,0.3,0.26,-77.6,15.5,Good,Excellent,2.95
ADD-03,Addis Ababa,14,20,23.1,100,23.1,97.6,17.4,0.0,0.12,-79.7,16.5,Good,Excellent,2.95
ADD-03,Addis Ababa,15,23,38.1,100,38.1,96.5,17.9,0.0,0.04,-78.2,18.7,Good,Excellent,2.95
ADD-03,Addis Ababa,16,29,47.7,100,47.7,94.0,21.7,0.08,0.05,-77.7,15.4,Good,Excellent,2.95
ADD-03,Addis Ababa,17,41,55.9,100,55.9,96.4,9.0,0.0,0.11,-83.6,19.5,Good,Excellent,2.95
ADD-03,Addis Ababa,18,39,59.1,100,59.1,96.7,19.0,0.0,0.03,-75.8,18.0,Good,Excellent,2.95
ADD-03,Addis Ababa,19,38,53.1,100,53.1,90.5,18.0,0.34,0.04,-80.4,18.4,Good,Excellent,2.95
ADD-03,Addis Ababa,20,42,58.5,100,58.5,95.1,15.6,0.26,0.13,-76.4,17.3,Good,Excellent,2.95
ADD-03,Addis Ababa,21,40,67.0,100,67.0,91.6,20.5,0.11,0.06,-82.1,17.0,Good,Excellent,2.95
ADD-03,Addis Ababa,22,27,33.8,100,33.8,97.4,18.0,0.0,0.0,-78.1,20.3,Good,Excellent,2.95
ADD-03,Addis Ababa,23,20,32.1,100,32.1,95.8,14.8,0.0,0.0,-80.9,17.3,Good,Excellent,2.95
ADD-04,Addis Ababa,0,10,15.8,75,21.1,56.3,31.6,1.65,0.51,-112.1,9.0,Gap,Poor,7.18
ADD-04,Addis Ababa,1,16,21.9,75,29.2,49.4,31.5,1.71,0.65,-114.6,11.5,Gap,Poor,7.18
ADD-04,Addis Ababa,2,17,18.8,75,25.1,51.7,32.5,1.95,0.7,-116.2,12.2,Gap,Poor,7.18
ADD-04,Addis Ababa,3,18,27.9,75,37.2,54.4,29.2,1.62,0.52,-113.6,11.9,Gap,Poor,7.18
ADD-04,Addis Ababa,4,18,28.2,75,37.6,53.6,25.0,1.14,0.42,-111.0,8.8,Gap,Poor,7.18
ADD-04,Addis Ababa,5,25,31.6,75,42.1,55.0,37.0,2.08,0.64,-116.5,14.0,Gap,Poor,7.18
ADD-04,Addis Ababa,6,22,32.8,75,43.7,56.2,29.0,1.81,0.65,-114.8,11.5,Gap,Poor,7.18
ADD-04,Addis Ababa,7,20,24.5,75,32.7,57.0,26.4,1.66,0.57,-112.7,11.9,Gap,Poor,7.18
ADD-04,Addis Ababa,8,27,33.9,75,45.2,59.2,24.7,1.52,0.36,-111.1,10.1,Gap,Poor,7.18
ADD-04,Addis Ababa,9,23,38.4,75,51.2,54.1,35.5,1.84,0.66,-115.2,12.3,Gap,Poor,7.18
ADD-04,Addis Ababa,10,22,27.7,75,36.9,58.0,26.2,0.92,0.33,-109.3,14.2,Poor,Fair,7.18
ADD-04,Addis Ababa,11,19,31.3,75,41.7,56.4,25.8,1.78,0.66,-113.6,10.6,Gap,Poor,7.18
ADD-04,Addis Ababa,12,17,20.1,75,26.8,56.2,29.9,1.23,0.5,-110.4,15.2,Gap,Poor,7.18
ADD-04,Addis Ababa,13,20,22.6,75,30.1,56.5,28.0,1.45,0.39,-112.9,11.2,Gap,Poor,7.18
ADD-04,Addis Ababa,14,21,32.2,75,42.9,60.4,29.3,1.54,0.55,-112.7,9.7,Gap,Poor,7.18
ADD-04,Addis Ababa,15,24,30.2,75,40.3,59.3,31.9,2.01,0.65,-115.3,11.9,Gap,Poor,7.18
ADD-04,Addis Ababa,16,25,38.4,75,51.2,55.8,26.5,1.23,0.47,-109.7,13.0,Poor,Fair,7.18
ADD-04,Addis Ababa,17,42,61.1,75,81.5,47.7,53.7,2.29,0.69,-115.6,10.3,Gap,Poor,7.18
ADD-04,Addis Ababa,18,51,80.8,75,107.7,36.9,73.8,3.07,1.07,-111.2,11.3,Gap,Poor,7.18
ADD-04,Addis Ababa,19,55,79.2,75,105.6,34.4,76.2,3.81,1.34,-116.4,10.1,Gap,Poor,7.18
ADD-04,Addis Ababa,20,39,43.8,75,58.4,50.5,37.5,2.01,0.71,-117.1,12.0,Gap,Poor,7.18
ADD-04,Addis Ababa,21,35,55.1,75,73.5,55.8,44.2,1.42,0.58,-111.7,10.1,Gap,Poor,7.18
ADD-04,Addis Ababa,22,38,52.7,75,70.3,53.4,33.6,1.31,0.52,-112.0,13.0,Gap,Poor,7.18
ADD-04,Addis Ababa,23,21,26.7,75,35.6,53.3,33.7,2.18,0.68,-116.2,10.3,Gap,Poor,7.18
ADD-05,Addis Ababa,0,14,23.7,50,47.4,47.3,16.2,0.17,0.03,-72.5,19.4,Good,Excellent,1.55
ADD-05,Addis Ababa,1,14,16.4,50,32.8,48.4,17.5,0.0,0.05,-73.3,17.2,Good,Excellent,1.55
ADD-05,Addis Ababa,2,17,24.1,50,48.2,47.8,16.0,0.0,0.08,-72.8,15.4,Good,Excellent,1.55
ADD-05,Addis Ababa,3,18,20.2,50,40.4,47.1,10.7,0.0,0.0,-78.0,16.7,Good,Excellent,1.55
ADD-05,Addis Ababa,4,23,29.2,50,58.4,48.6,16.1,0.01,0.09,-73.5,18.2,Good,Excellent,1.55
ADD-05,Addis Ababa,5,23,34.4,50,68.8,47.8,29.1,0.0,0.04,-70.6,18.2,Good,Excellent,1.55
ADD-05,Addis Ababa,6,15,19.5,50,39.0,47.9,15.5,0.0,0.04,-72.3,17.1,Good,Excellent,1.55
ADD-05,Addis Ababa,7,26,41.4,50,82.8,41.4,39.1,0.57,0.05,-72.5,16.7,Good,Good,1.55
ADD-05,Addis Ababa,8,17,18.8,50,37.6,49.9,15.3,0.0,0.0,-73.5,18.3,Good,Excellent,1.55
ADD-05,Addis Ababa,9,19,31.7,50,63.4,47.0,24.6,0.0,0.15,-72.0,17.1,Good,Excellent,1.55
ADD-05,Addis Ababa,10,25,33.3,50,66.6,47.3,18.3,0.01,0.1,-70.5,17.3,Good,Excellent,1.55
ADD-05,Addis Ababa,11,26,41.7,50,83.4,43.7,37.8,0.45,0.28,-74.6,18.0,Good,Good,1.55
ADD-05,Addis Ababa,12,18,27.6,50,55.2,48.3,18.1,0.0,0.21,-74.7,19.0,Good,Excellent,1.55
ADD-05,Addis Ababa,13,22,26.9,50,53.8,48.5,15.2,0.25,0.21,-69.5,14.3,Good,Excellent,1.55
ADD-05,Addis Ababa,14,20,24.7,50,49.4,49.3,10.8,0.04,0.01,-72.1,16.5,Good,Excellent,1.55
ADD-05,Addis Ababa,15,22,33.2,50,66.4,49.3,25.6,0.04,0.05,-72.3,17.9,Good,Excellent,1.55
ADD-05,Addis Ababa,16,37,43.0,50,86.0,39.0,39.1,0.84,0.24,-73.7,16.8,Good,Good,1.55
ADD-05,Addis Ababa,17,50,71.0,50,142.0,23.6,86.9,4.07,1.44,-74.1,13.9,Good,Poor,1.55
ADD-05,Addis Ababa,18,44,64.6,50,129.2,27.1,79.8,3.33,1.27,-72.2,13.0,Good,Poor,1.55
ADD-05,Addis Ababa,19,44,63.0,50,126.0,26.7,75.3,3.03,0.96,-70.1,14.2,Good,Poor,1.55
ADD-05,Addis Ababa,20,47,70.0,50,140.0,22.3,81.9,3.99,1.43,-67.8,11.8,Good,Poor,1.55
ADD-05,Addis Ababa,21,37,44.3,50,88.6,39.3,41.7,0.61,0.18,-71.9,13.5,Good,Good,1.55
ADD-05,Addis Ababa,22,32,51.3,50,102.6,38.9,56.6,1.66,0.71,-70.5,15.0,Good,Fair,1.55
ADD-05,Addis Ababa,23,28,40.7,50,81.4,46.5,40.2,0.47,0.26,-73.2,16.5,Good,Good,1.55
ADD-06,Addis Ababa,0,13,19.2,50,38.4,41.5,26.7,0.8,0.23,-107.3,14.3,Poor,Fair,8.48
ADD-06,Addis Ababa,1,26,41.9,50,83.8,34.1,52.3,1.34,0.49,-109.6,11.9,Poor,Fair,8.48
ADD-06,Addis Ababa,2,18,24.0,50,48.0,38.8,28.1,1.05,0.41,-108.8,15.0,Poor,Fair,8.48
ADD-06,Addis Ababa,3,14,16.8,50,33.6,38.2,32.2,1.37,0.37,-110.6,13.2,Gap,Poor,8.48
ADD-06,Addis Ababa,4,19,22.8,50,45.6,41.7,26.6,0.96,0.36,-106.7,16.9,Poor,Fair,8.48
ADD-06,Addis Ababa,5,14,17.7,50,35.4,41.1,21.6,0.67,0.27,-105.9,13.0,Poor,Fair,8.48
ADD-06,Addis Ababa,6,19,22.6,50,45.2,44.5,14.5,0.79,0.27,-103.9,15.0,Poor,Fair,8.48
ADD-06,Addis Ababa,7,16,20.6,50,41.2,40.7,24.5,1.12,0.38,-108.0,14.5,Poor,Fair,8.48
ADD-06,Addis Ababa,8,18,28.9,50,57.8,46.3,24.3,0.71,0.33,-105.6,14.6,Poor,Fair,8.48
ADD-06,Addis Ababa,9,26,32.0,50,64.0,38.4,31.2,1.15,0.38,-108.4,15.9,Poor,Fair,8.48
ADD-06,Addis Ababa,10,27,41.7,50,83.4,38.7,42.6,1.37,0.54,-106.5,14.2,Poor,Fair,8.48
ADD-06,Addis Ababa,11,25,39.8,50,79.6,35.6,37.3,0.83,0.41,-105.7,11.8,Poor,Fair,8.48
ADD-06,Addis Ababa,12,20,26.5,50,53.0,42.0,28.6,0.43,0.12,-102.4,16.4,Poor,Fair,8.48
ADD-06,Addis Ababa,13,21,23.4,50,46.8,42.8,21.3,1.37,0.54,-108.5,11.1,Poor,Fair,8.48
ADD-06,Addis Ababa,14,27,41.3,50,82.6,38.1,43.6,0.86,0.28,-104.3,13.8,Poor,Fair,8.48
ADD-06,Addis Ababa,15,28,35.6,50,71.2,38.3,34.3,0.69,0.3,-103.8,13.5,Poor,Fair,8.48
ADD-06,Addis Ababa,16,29,34.0,50,68.0,42.2,27.0,0.48,0.19,-104.8,12.9,Poor,Fair,8.48
ADD-06,Addis Ababa,17,40,67.1,50,134.2,19.4,89.3,3.97,1.4,-102.9,9.5,Poor,Poor,8.48
ADD-06,Addis Ababa,18,44,71.7,50,143.4,12.0,106.3,4.82,1.63,-107.5,6.8,Poor,Poor,8.48
ADD-06,Addis Ababa,19,49,78.1,50,156.2,13.9,105.8,5.44,1.8,-102.0,6.9,Poor,Poor,8.48
ADD-06,Addis Ababa,20,36,58.2,50,116.4,25.0,75.4,3.39,1.36,-106.4,10.0,Poor,Poor,8.48
ADD-06,Addis Ababa,21,34,49.5,50,99.0,32.4,57.0,1.86,0.5,-105.3,11.9,Poor,Fair,8.48
ADD-06,Addis Ababa,22,37,62.7,50,125.4,21.9,82.0,3.5,1.14,-104.7,12.3,Poor,Poor,8.48
ADD-06,Addis Ababa,23,24,27.4,50,54.8,39.1,28.2,1.07,0.38,-107.6,13.6,Poor,Fair,8.48
ORO-01,Oromia,0,16,18.1,100,18.1,95.0,16.3,0.13,0.0,-88.2,16.0,Fair,Good,2.88
ORO-01,Oromia,1,18,21.6,100,21.6,90.3,14.5,0.0,0.06,-88.3,15.3,Fair,Good,2.88
ORO-01,Oromia,2,18,22.6,100,22.6,95.3,23.4,0.0,0.0,-84.0,18.5,Good,Excellent,2.88
ORO-01,Oromia,3,15,19.6,100,19.6,93.9,18.4,0.07,0.0,-84.8,15.6,Good,Excellent,2.88
ORO-01,Oromia,4,18,24.0,100,24.0,99.4,18.0,0.06,0.18,-90.5,17.9,Fair,Good,2.88
ORO-01,Oromia,5,20,24.5,100,24.5,96.4,16.4,0.0,0.21,-86.1,19.5,Fair,Good,2.88
ORO-01,Oromia,6,17,20.1,100,20.1,96.0,19.0,0.0,0.0,-84.3,17.8,Good,Excellent,2.88
ORO-01,Oromia,7,21,24.1,100,24.1,96.3,16.4,0.0,0.05,-85.8,18.5,Fair,Good,2.88
ORO-01,Oromia,8,28,31.1,100,31.1,97.3,10.0,0.0,0.0,-88.6,19.9,Fair,Good,2.88
ORO-01,Oromia,9,23,33.8,100,33.8,93.6,18.6,0.08,0.0,-86.2,15.4,Fair,Good,2.88
ORO-01,Oromia,10,24,29.7,100,29.7,96.0,12.9,0.07,0.08,-86.5,16.9,Fair,Good,2.88
ORO-01,Oromia,11,25,37.3,100,37.3,92.4,15.8,0.06,0.01,-84.1,14.7,Good,Excellent,2.88
ORO-01,Oromia,12,18,24.3,100,24.3,93.0,17.7,0.0,0.08,-84.1,20.1,Good,Excellent,2.88
ORO-01,Oromia,13,26,31.7,100,31.7,95.0,22.7,0.0,0.0,-88.0,16.9,Fair,Good,2.88
ORO-01,Oromia,14,20,31.7,100,31.7,96.0,15.7,0.07,0.04,-82.7,18.5,Good,Excellent,2.88
ORO-01,Oromia,15,33,41.8,100,41.8,96.2,17.5,0.0,0.0,-85.1,18.2,Fair,Good,2.88
ORO-01,Oromia,16,32,52.3,100,52.3,93.8,15.8,0.16,0.1,-82.7,17.8,Good,Excellent,2.88
ORO-01,Oromia,17,30,42.2,100,42.2,92.8,10.7,0.19,0.08,-86.6,14.6,Fair,Good,2.88
ORO-01,Oromia,18,31,35.6,100,35.6,93.6,18.1,0.0,0.0,-82.8,18.1,Good,Excellent,2.88
ORO-01,Oromia,19,60,98.2,100,98.2,73.2,50.2,1.52,0.53,-86.6,15.2,Fair,Fair,2.88
ORO-01,Oromia,20,43,51.3,100,51.3,96.7,9.6,0.0,0.0,-86.7,18.3,Fair,Good,2.88
ORO-01,Oromia,21,42,46.5,100,46.5,95.6,11.0,0.0,0.05,-83.3,17.5,Good,Excellent,2.88
ORO-01,Oromia,22,34,38.5,100,38.5,95.6,10.8,0.0,0.03,-82.4,16.8,Good,Excellent,2.88
ORO-01,Oromia,23,30,50.4,100,50.4,93.1,10.7,0.12,0.11,-87.6,17.9,Fair,Good,2.88
ORO-02,Oromia,0,18,21.5,100,21.5,96.7,13.2,0.19,0.03,-78.1,18.0,Good,Excellent,2.76
ORO-02,Oromia,1,13,20.0,100,20.0,97.4,14.2,0.0,0.0,-80.2,18.7,Good,Excellent,2.76
ORO-02,Oromia,2,19,29.4,100,29.4,94.1,13.5,0.0,0.0,-80.8,16.3,Good,Excellent,2.76
ORO-02,Oromia,3,18,24.3,100,24.3,93.9,23.7,0.0,0.01,-80.9,19.9,Good,Excellent,2.76
ORO-02,Oromia,4,18,25.9,100,25.9,93.8,18.5,0.0,0.1,-74.0,19.4,Good,Excellent,2.76
ORO-02,Oromia,5,12,15.6,100,15.6,95.2,20.4,0.0,0.0,-76.0,19.4,Good,Excellent,2.76
ORO-02,Oromia,6,17,19.6,100,19.6,95.4,17.7,0.28,0.01,-76.5,16.0,Good,Excellent,2.76
ORO-02,Oromia,7,24,32.3,100,32.3,98.8,20.6,0.0,0.0,-78.4,19.6,Good,Excellent,2.76
ORO-02,Oromia,8,21,23.4,100,23.4,91.2,16.5,0.15,0.04,-78.7,19.2,Good,Excellent,2.76
ORO-02,Oromia,9,28,44.3,100,44.3,94.9,21.3,0.25,0.05,-80.1,13.7,Good,Excellent,2.76
ORO-02,Oromia,10,26,38.1,100,38.1,95.7,16.4,0.0,0.0,-76.7,17.1,Good,Excellent,2.76
ORO-02,Oromia,11,18,28.0,100,28.0,95.0,13.8,0.0,0.07,-74.3,17.6,Good,Excellent,2.76
ORO-02,Oromia,12,19,21.1,100,21.1,96.4,16.3,0.0,0.0,-77.0,18.1,Good,Excellent,2.76
ORO-02,Oromia,13,18,30.4,100,30.4,95.6,11.9,0.07,0.02,-75.8,16.1,Good,Excellent,2.76
ORO-02,Oromia,14,25,29.2,100,29.2,96.3,14.7,0.15,0.27,-78.5,17.2,Good,Excellent,2.76
ORO-02,Oromia,15,31,47.3,100,47.3,92.9,8.0,0.07,0.1,-79.4,18.1,Good,Excellent,2.76
ORO-02,Oromia,16,33,49.2,100,49.2,97.8,16.2,0.0,0.0,-79.1,18.1,Good,Excellent,2.76
ORO-02,Oromia,17,44,55.2,100,55.2,95.2,20.9,0.05,0.0,-78.6,16.6,Good,Excellent,2.76
ORO-02,Oromia,18,37,62.6,100,62.6,95.2,21.0,0.0,0.0,-77.7,16.9,Good,Excellent,2.76
ORO-02,Oromia,19,47,62.4,100,62.4,96.8,16.2,0.28,0.18,-77.3,15.8,Good,Excellent,2.76
ORO-02,Oromia,20,48,79.2,100,79.2,90.5,35.2,0.38,0.1,-80.3,17.4,Good,Good,2.76
ORO-02,Oromia,21,48,81.1,100,81.1,85.3,36.3,0.68,0.15,-78.3,16.5,Good,Good,2.76
ORO-02,Oromia,22,38,63.9,100,63.9,97.3,23.8,0.0,0.0,-77.0,17.9,Good,Excellent,2.76
ORO-02,Oromia,23,28,45.8,100,45.8,95.7,15.1,0.03,0.12,-77.1,17.5,Good,Excellent,2.76
ORO-03,Oromia,0,15,23.9,150,15.9,141.6,15.1,0.04,0.0,-68.1,19.6,Good,Excellent,3.07
ORO-03,Oromia,1,16,24.7,150,16.5,146.4,11.1,0.12,0.09,-67.3,16.2,Good,Excellent,3.07
ORO-03,Oromia,2,20,22.4,150,14.9,140.7,17.5,0.13,0.02,-69.3,18.4,Good,Excellent,3.07
ORO-03,Oromia,3,14,16.0,150,10.7,143.2,16.7,0.1,0.0,-69.4,20.2,Good,Excellent,3.07
ORO-03,Oromia,4,18,19.8,150,13.2,139.9,14.3,0.0,0.0,-69.1,16.3,Good,Excellent,3.07
ORO-03,Oromia,5,17,23.6,150,15.7,143.3,13.9,0.13,0.09,-68.4,17.5,Good,Excellent,3.07
ORO-03,Oromia,6,19,27.0,150,18.0,141.7,15.2,0.0,0.0,-70.0,21.1,Good,Excellent,3.07
ORO-03,Oromia,7,18,20.6,150,13.7,141.2,16.4,0.0,0.0,-66.6,16.7,Good,Excellent,3.07
ORO-03,Oromia,8,23,29.2,150,19.5,143.2,20.2,0.0,0.06,-71.8,17.3,Good,Excellent,3.07
ORO-03,Oromia,9,20,30.9,150,20.6,141.5,16.7,0.0,0.07,-69.4,18.0,Good,Excellent,3.07
ORO-03,Oromia,10,18,21.6,150,14.4,145.3,19.3,0.0,0.0,-65.1,17.6,Good,Excellent,3.07
ORO-03,Oromia,11,19,26.3,150,17.5,144.1,16.6,0.0,0.0,-66.3,17.7,Good,Excellent,3.07
ORO-03,Oromia,12,20,29.5,150,19.7,147.5,13.9,0.17,0.07,-73.8,15.8,Good,Excellent,3.07
ORO-03,Oromia,13,26,35.8,150,23.9,141.5,15.7,0.12,0.0,-71.5,17.5,Good,Excellent,3.07
ORO-03,Oromia,14,21,29.8,150,19.9,142.4,14.2,0.22,0.02,-67.8,19.5,Good,Excellent,3.07
ORO-03,Oromia,15,34,42.7,150,28.5,143.9,17.3,0.0,0.05,-70.9,19.5,Good,Excellent,3.07
ORO-03,Oromia,16,36,53.9,150,35.9,144.3,16.3,0.0,0.0,-67.8,16.8,Good,Excellent,3.07
ORO-03,Oromia,17,43,64.0,150,42.7,142.6,23.6,0.0,0.0,-66.5,18.5,Good,Excellent,3.07
ORO-03,Oromia,18,45,63.8,150,42.5,137.6,20.7,0.0,0.0,-67.0,19.4,Good,Excellent,3.07
ORO-03,Oromia,19,54,66.4,150,44.3,142.2,14.1,0.0,0.09,-65.3,17.8,Good,Excellent,3.07
ORO-03,Oromia,20,32,51.7,150,34.5,140.6,9.5,0.22,0.11,-71.4,18.7,Good,Excellent,3.07
ORO-03,Oromia,21,30,33.2,150,22.1,143.7,8.8,0.0,0.0,-68.9,17.9,Good,Excellent,3.07
ORO-03,Oromia,22,35,54.5,150,36.3,137.8,17.0,0.07,0.13,-68.6,18.6,Good,Excellent,3.07
ORO-03,Oromia,23,21,29.8,150,19.9,140.6,16.4,0.0,0.01,-67.7,19.7,Good,Excellent,3.07
ORO-04,Oromia,0,15,16.7,100,16.7,70.0,33.7,2.3,0.78,-118.3,13.3,Gap,Poor,6.8
ORO-04,Oromia,1,25,33.3,100,33.3,71.1,29.7,2.22,0.8,-116.5,8.3,Gap,Poor,6.8
ORO-04,Oromia,2,20,25.6,100,25.6,67.2,34.1,2.03,0.77,-119.4,9.7,Gap,Poor,6.8
ORO-04,Oromia,3,17,23.2,100,23.2,69.5,37.2,2.47,0.95,-118.1,14.5,Gap,Poor,6.8
ORO-04,Oromia,4,14,15.7,100,15.7,76.5,30.9,1.59,0.56,-111.9,10.3,Gap,Poor,6.8
ORO-04,Oromia,5,13,15.3,100,15.3,67.6,31.8,2.3,0.84,-119.2,12.0,Gap,Poor,6.8
ORO-04,Oromia,6,23,30.5,100,30.5,66.0,39.9,2.04,0.97,-119.7,9.6,Gap,Poor,6.8
ORO-04,Oromia,7,22,37.1,100,37.1,73.3,36.5,1.98,0.68,-115.1,11.2,Gap,Poor,6.8
ORO-04,Oromia,8,29,47.3,100,47.3,72.3,33.7,1.96,0.65,-116.4,7.0,Gap,Poor,6.8
ORO-04,Oromia,9,26,39.4,100,39.4,70.7,33.3,2.1,0.68,-118.6,9.7,Gap,Poor,6.8
ORO-04,Oromia,10,33,56.1,100,56.1,73.3,34.0,1.78,0.66,-115.6,12.4,Gap,Poor,6.8
ORO-04,Oromia,11,23,37.0,100,37.0,65.9,35.4,2.08,0.6,-119.4,11.0,Gap,Poor,6.8
ORO-04,Oromia,12,13,15.2,100,15.2,64.8,35.0,2.72,1.03,-121.9,10.4,Gap,Poor,6.8
ORO-04,Oromia,13,13,17.4,100,17.4,68.7,34.0,2.36,0.88,-119.9,9.4,Gap,Poor,6.8
ORO-04,Oromia,14,30,41.6,100,41.6,71.2,33.9,2.16,0.65,-116.3,9.6,Gap,Poor,6.8
ORO-04,Oromia,15,28,40.6,100,40.6,65.7,37.6,2.42,0.89,-119.1,11.0,Gap,Poor,6.8
ORO-04,Oromia,16,38,53.7,100,53.7,70.4,28.2,1.92,0.64,-116.8,10.5,Gap,Poor,6.8
ORO-04,Oromia,17,41,63.5,100,63.5,69.8,35.3,2.16,0.85,-119.1,10.8,Gap,Poor,6.8
ORO-04,Oromia,18,33,41.7,100,41.7,68.8,35.6,2.38,0.82,-118.7,12.1,Gap,Poor,6.8
ORO-04,Oromia,19,42,48.5,100,48.5,72.4,30.3,2.22,0.71,-117.8,14.0,Gap,Poor,6.8
ORO-04,Oromia,20,46,53.5,100,53.5,70.7,31.7,1.96,0.73,-116.3,13.2,Gap,Poor,6.8
ORO-04,Oromia,21,37,45.3,100,45.3,68.5,35.7,2.43,0.89,-120.8,8.2,Gap,Poor,6.8
ORO-04,Oromia,22,36,58.6,100,58.6,68.0,35.4,2.0,0.63,-116.2,9.8,Gap,Poor,6.8
ORO-04,Oromia,23,31,46.1,100,46.1,73.7,31.0,1.58,0.44,-114.3,10.8,Gap,Poor,6.8
ORO-05,Oromia,0,17,25.7,50,51.4,48.5,18.4,0.0,0.1,-72.6,17.7,Good,Excellent,1.15
ORO-05,Oromia,1,22,33.8,50,67.6,44.1,21.9,0.0,0.0,-70.2,17.2,Good,Excellent,1.15
ORO-05,Oromia,2,21,24.1,50,48.2,47.0,12.1,0.0,0.0,-76.6,16.0,Good,Excellent,1.15
ORO-05,Oromia,3,19,28.2,50,56.4,48.7,22.0,0.05,0.08,-69.4,20.8,Good,Excellent,1.15
ORO-05,Oromia,4,17,24.9,50,49.8,48.1,16.4,0.0,0.19,-75.3,17.0,Good,Excellent,1.15
ORO-05,Oromia,5,11,15.9,50,31.8,49.2,21.9,0.0,0.05,-68.6,18.6,Good,Excellent,1.15
ORO-05,Oromia,6,21,34.4,50,68.8,49.3,24.1,0.07,0.0,-74.3,19.3,Good,Excellent,1.15
ORO-05,Oromia,7,19,27.0,50,54.0,48.4,16.6,0.0,0.0,-72.9,17.4,Good,Excellent,1.15
ORO-05,Oromia,8,20,26.3,50,52.6,48.1,20.7,0.0,0.0,-71.8,18.3,Good,Excellent,1.15
ORO-05,Oromia,9,24,33.3,50,66.6,42.7,23.7,0.0,0.02,-72.6,19.0,Good,Excellent,1.15
ORO-05,Oromia,10,25,33.6,50,67.2,47.1,18.0,0.0,0.11,-73.2,18.9,Good,Excellent,1.15
ORO-05,Oromia,11,24,40.1,50,80.2,44.7,35.8,0.15,0.0,-73.5,17.8,Good,Good,1.15
ORO-05,Oromia,12,20,33.5,50,67.0,49.8,23.3,0.0,0.1,-72.0,18.6,Good,Excellent,1.15
ORO-05,Oromia,13,22,24.8,50,49.6,50.3,16.2,0.0,0.0,-74.3,18.7,Good,Excellent,1.15
ORO-05,Oromia,14,22,24.2,50,48.4,52.0,15.1,0.0,0.0,-65.6,15.8,Good,Excellent,1.15
ORO-05,Oromia,15,25,42.4,50,84.8,44.6,37.5,0.66,0.28,-70.5,13.9,Good,Good,1.15
ORO-05,Oromia,16,27,33.3,50,66.6,43.6,27.0,0.14,0.01,-69.6,17.2,Good,Excellent,1.15
ORO-05,Oromia,17,31,50.9,50,101.8,37.7,55.2,1.62,0.65,-74.0,17.1,Good,Fair,1.15
ORO-05,Oromia,18,37,47.3,50,94.6,36.1,51.3,1.28,0.42,-74.2,16.2,Good,Fair,1.15
ORO-05,Oromia,19,43,68.6,50,137.2,24.1,89.4,3.64,1.27,-74.7,14.4,Good,Poor,1.15
ORO-05,Oromia,20,39,52.1,50,104.2,34.2,56.2,1.96,0.62,-69.6,18.9,Good,Fair,1.15
ORO-05,Oromia,21,33,36.5,50,73.0,48.7,25.0,0.0,0.15,-71.1,17.5,Good,Excellent,1.15
ORO-05,Oromia,22,37,60.6,50,121.2,28.3,70.0,2.57,0.86,-74.5,15.0,Good,Poor,1.15
ORO-05,Oromia,23,32,38.1,50,76.2,45.6,25.3,0.19,0.0,-76.1,14.8,Good,Excellent,1.15
ORO-06,Oromia,0,14,21.8,40,54.5,26.9,27.9,1.28,0.53,-109.3,11.7,Poor,Fair,6.95
ORO-06,Oromia,1,16,24.3,40,60.8,33.9,25.2,0.87,0.22,-107.9,14.2,Poor,Fair,6.95
ORO-06,Oromia,2,19,31.7,40,79.2,27.5,47.4,1.9,0.78,-114.6,11.0,Gap,Poor,6.95
ORO-06,Oromia,3,26,32.3,40,80.7,30.4,44.7,1.23,0.38,-107.4,13.7,Poor,Fair,6.95
ORO-06,Oromia,4,17,20.0,40,50.0,31.2,31.9,1.32,0.52,-111.8,11.0,Gap,Poor,6.95
ORO-06,Oromia,5,19,30.4,40,76.0,25.9,43.8,1.13,0.29,-110.2,12.7,Gap,Poor,6.95
ORO-06,Oromia,6,20,30.8,40,77.0,27.5,46.8,1.7,0.54,-110.9,12.0,Gap,Poor,6.95
ORO-06,Oromia,7,19,25.2,40,63.0,33.9,34.3,1.03,0.25,-109.0,14.0,Poor,Fair,6.95
ORO-06,Oromia,8,26,32.9,40,82.2,25.0,48.6,1.92,0.62,-110.5,9.4,Gap,Poor,6.95
ORO-06,Oromia,9,26,34.0,40,85.0,25.7,48.3,1.98,0.61,-112.7,10.2,Gap,Poor,6.95
ORO-06,Oromia,10,24,27.5,40,68.8,31.8,33.1,1.37,0.58,-109.6,13.4,Poor,Fair,6.95
ORO-06,Oromia,11,19,31.9,40,79.8,31.2,48.5,1.03,0.29,-107.6,11.1,Poor,Fair,6.95
ORO-06,Oromia,12,22,36.7,40,91.8,28.5,58.7,2.06,0.86,-109.9,11.7,Poor,Poor,6.95
ORO-06,Oromia,13,18,30.1,40,75.2,32.3,36.1,0.84,0.28,-106.9,12.9,Poor,Fair,6.95
ORO-06,Oromia,14,17,28.0,40,70.0,33.3,37.9,1.55,0.54,-112.9,11.6,Gap,Poor,6.95
ORO-06,Oromia,15,29,36.1,40,90.2,26.0,54.9,2.05,0.66,-110.5,11.7,Gap,Poor,6.95
ORO-06,Oromia,16,29,33.0,40,82.5,32.9,47.7,1.19,0.45,-105.6,12.6,Poor,Fair,6.95
ORO-06,Oromia,17,39,57.3,40,143.2,10.4,101.0,5.09,1.76,-107.5,9.1,Poor,Poor,6.95
ORO-06,Oromia,18,44,55.5,40,138.8,15.3,98.9,5.06,1.71,-107.6,7.7,Poor,Poor,6.95
ORO-06,Oromia,19,39,52.9,40,132.2,15.0,91.6,3.97,1.39,-105.0,8.1,Poor,Poor,6.95
ORO-06,Oromia,20,39,44.2,40,110.5,21.5,70.4,3.31,1.08,-107.6,10.3,Poor,Poor,6.95
ORO-06,Oromia,21,34,40.7,40,101.8,24.5,66.6,2.48,0.82,-107.6,11.6,Poor,Poor,6.95
ORO-06,Oromia,22,30,42.3,40,105.8,21.5,71.1,3.44,1.28,-114.1,9.9,Gap,Poor,6.95
ORO-06,Oromia,23,25,35.1,40,87.8,26.7,61.9,2.01,0.68,-109.9,10.3,Poor,Poor,6.95
AMH-01,Amhara,0,16,17.7,80,22.1,79.2,14.1,0.0,0.0,-83.2,15.2,Good,Excellent,2.97
AMH-01,Amhara,1,16,25.9,80,32.4,76.7,10.5,0.0,0.0,-79.2,18.2,Good,Excellent,2.97
AMH-01,Amhara,2,12,17.4,80,21.7,74.2,14.5,0.0,0.0,-83.0,17.5,Good,Excellent,2.97
AMH-01,Amhara,3,15,21.6,80,27.0,77.1,17.1,0.0,0.14,-82.5,18.3,Good,Excellent,2.97
AMH-01,Amhara,4,20,25.9,80,32.4,75.9,21.8,0.0,0.06,-77.5,20.1,Good,Excellent,2.97
AMH-01,Amhara,5,13,19.6,80,24.5,76.8,18.6,0.14,0.03,-81.2,20.0,Good,Excellent,2.97
AMH-01,Amhara,6,16,26.1,80,32.6,75.6,20.9,0.0,0.03,-80.4,19.6,Good,Excellent,2.97
AMH-01,Amhara,7,16,22.7,80,28.4,75.2,8.4,0.0,0.0,-79.5,18.1,Good,Excellent,2.97
AMH-01,Amhara,8,24,30.4,80,38.0,77.3,17.4,0.05,0.02,-85.4,17.9,Fair,Good,2.97
AMH-01,Amhara,9,23,39.0,80,48.8,76.3,15.2,0.23,0.15,-82.6,17.1,Good,Excellent,2.97
AMH-01,Amhara,10,21,23.7,80,29.6,78.2,14.8,0.0,0.08,-81.1,17.7,Good,Excellent,2.97
AMH-01,Amhara,11,23,26.7,80,33.4,78.9,9.4,0.0,0.02,-82.2,17.1,Good,Excellent,2.97
AMH-01,Amhara,12,23,25.5,80,31.9,79.2,12.7,0.0,0.0,-80.9,16.6,Good,Excellent,2.97
AMH-01,Amhara,13,17,24.9,80,31.1,76.3,19.5,0.0,0.08,-79.2,17.5,Good,Excellent,2.97
AMH-01,Amhara,14,23,30.6,80,38.2,78.1,16.9,0.06,0.07,-85.2,18.5,Fair,Good,2.97
AMH-01,Amhara,15,32,46.4,80,58.0,77.1,15.8,0.23,0.0,-82.8,16.4,Good,Excellent,2.97
AMH-01,Amhara,16,34,52.7,80,65.9,75.7,25.2,0.13,0.0,-82.1,15.7,Good,Excellent,2.97
AMH-01,Amhara,17,45,70.5,80,88.1,67.3,43.7,0.72,0.21,-82.8,18.5,Good,Good,2.97
AMH-01,Amhara,18,42,56.7,80,70.9,74.8,30.1,0.01,0.0,-80.3,18.5,Good,Good,2.97
AMH-01,Amhara,19,48,72.0,80,90.0,66.0,45.7,0.99,0.43,-81.9,15.8,Good,Good,2.97
AMH-01,Amhara,20,44,56.8,80,71.0,73.4,29.2,0.01,0.0,-83.1,19.6,Good,Excellent,2.97
AMH-01,Amhara,21,37,49.4,80,61.8,77.8,21.1,0.04,0.0,-82.0,17.1,Good,Excellent,2.97
AMH-01,Amhara,22,34,45.1,80,56.4,75.0,22.7,0.0,0.0,-79.4,15.7,Good,Excellent,2.97
AMH-01,Amhara,23,34,56.6,80,70.8,74.7,28.9,0.03,0.06,-81.0,17.9,Good,Excellent,2.97
AMH-02,Amhara,0,18,21.5,120,17.9,115.1,13.4,0.3,0.06,-72.0,20.5,Good,Excellent,0.97
AMH-02,Amhara,1,20,22.2,120,18.5,115.7,17.5,0.0,0.24,-73.5,20.0,Good,Excellent,0.97
AMH-02,Amhara,2,16,23.1,120,19.2,117.5,20.7,0.0,0.0,-73.8,17.7,Good,Excellent,0.97
AMH-02,Amhara,3,11,17.9,120,14.9,114.9,15.0,0.0,0.02,-73.9,19.2,Good,Excellent,0.97
AMH-02,Amhara,4,19,30.1,120,25.1,113.9,17.4,0.0,0.0,-74.1,19.2,Good,Excellent,0.97
AMH-02,Amhara,5,12,13.7,120,11.4,110.5,15.3,0.0,0.0,-76.1,16.9,Good,Excellent,0.97
AMH-02,Amhara,6,22,28.2,120,23.5,112.5,12.1,0.0,0.01,-75.7,17.5,Good,Excellent,0.97
AMH-02,Amhara,7,17,20.2,120,16.8,110.2,15.5,0.2,0.09,-72.7,17.4,Good,Excellent,0.97
AMH-02,Amhara,8,17,23.9,120,19.9,113.8,10.7,0.0,0.0,-73.9,16.5,Good,Excellent,0.97
AMH-02,Amhara,9,21,23.8,120,19.8,115.1,20.9,0.17,0.11,-77.3,14.5,Good,Excellent,0.97
AMH-02,Amhara,10,28,39.8,120,33.2,113.9,11.8,0.0,0.14,-75.3,19.3,Good,Excellent,0.97
AMH-02,Amhara,11,21,27.7,120,23.1,112.9,10.1,0.0,0.03,-75.3,19.6,Good,Excellent,0.97
AMH-02,Amhara,12,16,23.2,120,19.3,114.6,11.5,0.22,0.0,-69.8,17.8,Good,Excellent,0.97
AMH-02,Amhara,13,16,19.4,120,16.2,114.9,14.7,0.06,0.01,-76.7,16.9,Good,Excellent,0.97
AMH-02,Amhara,14,18,28.4,120,23.7,116.4,16.6,0.0,0.04,-76.2,17.7,Good,Excellent,0.97
AMH-02,Amhara,15,30,36.9,120,30.8,114.6,17.1,0.2,0.13,-75.5,18.8,Good,Excellent,0.97
AMH-02,Amhara,16,27,35.4,120,29.5,112.1,14.0,0.04,0.0,-74.7,16.6,Good,Excellent,0.97
AMH-02,Amhara,17,38,59.1,120,49.2,117.9,11.8,0.18,0.03,-74.8,16.2,Good,Excellent,0.97
AMH-02,Amhara,18,36,44.0,120,36.7,115.5,16.6,0.08,0.34,-74.4,14.8,Good,Excellent,0.97
AMH-02,Amhara,19,30,42.9,120,35.8,110.9,15.1,0.04,0.0,-72.0,17.7,Good,Excellent,0.97
AMH-02,Amhara,20,38,50.5,120,42.1,112.9,17.1,0.0,0.06,-75.7,19.9,Good,Excellent,0.97
AMH-02,Amhara,21,42,69.6,120,58.0,117.1,16.4,0.0,0.0,-76.1,17.8,Good,Excellent,0.97
AMH-02,Amhara,22,29,43.7,120,36.4,112.2,18.9,0.13,0.16,-72.8,17.3,Good,Excellent,0.97
AMH-02,Amhara,23,26,35.5,120,29.6,113.1,12.5,0.0,0.02,-76.5,16.1,Good,Excellent,0.97
AMH-03,Amhara,0,13,14.8,80,18.5,74.4,14.3,0.0,0.0,-69.3,19.1,Good,Excellent,3.9
AMH-03,Amhara,1,23,31.7,80,39.6,77.5,17.3,0.19,0.01,-70.8,18.9,Good,Excellent,3.9
AMH-03,Amhara,2,14,16.3,80,20.4,76.3,17.8,0.03,0.03,-66.2,17.3,Good,Excellent,3.9
AMH-03,Amhara,3,13,15.2,80,19.0,76.8,14.1,0.17,0.21,-69.2,18.2,Good,Excellent,3.9
AMH-03,Amhara,4,16,18.0,80,22.5,76.1,19.2,0.0,0.13,-71.9,18.3,Good,Excellent,3.9
AMH-03,Amhara,5,12,18.8,80,23.5,73.2,17.3,0.03,0.03,-71.5,17.6,Good,Excellent,3.9
AMH-03,Amhara,6,21,34.0,80,42.5,77.4,18.4,0.0,0.03,-69.0,17.5,Good,Excellent,3.9
AMH-03,Amhara,7,20,22.4,80,28.0,76.0,14.6,0.0,0.02,-71.4,19.1,Good,Excellent,3.9
AMH-03,Amhara,8,26,42.6,80,53.2,76.2,14.1,0.04,0.0,-71.0,18.6,Good,Excellent,3.9
AMH-03,Amhara,9,22,31.7,80,39.6,79.0,17.3,0.0,0.07,-70.6,17.6,Good,Excellent,3.9
AMH-03,Amhara,10,19,28.6,80,35.8,77.3,16.4,0.0,0.0,-70.2,16.9,Good,Excellent,3.9
AMH-03,Amhara,11,23,29.9,80,37.4,79.1,16.2,0.01,0.0,-71.5,16.9,Good,Excellent,3.9
AMH-03,Amhara,12,22,33.2,80,41.5,79.2,14.9,0.35,0.28,-71.3,15.2,Good,Excellent,3.9
AMH-03,Amhara,13,18,22.9,80,28.6,76.2,11.4,0.0,0.02,-70.9,18.1,Good,Excellent,3.9
AMH-03,Amhara,14,21,33.6,80,42.0,73.0,13.0,0.0,0.0,-70.0,17.0,Good,Excellent,3.9
AMH-03,Amhara,15,25,39.2,80,49.0,76.6,18.3,0.0,0.0,-72.5,14.8,Good,Excellent,3.9
AMH-03,Amhara,16,38,51.7,80,64.6,77.0,19.3,0.05,0.0,-69.2,15.6,Good,Excellent,3.9
AMH-03,Amhara,17,39,59.6,80,74.5,72.0,27.1,0.04,0.04,-72.3,19.4,Good,Excellent,3.9
AMH-03,Amhara,18,41,54.5,80,68.1,75.6,19.2,0.0,0.0,-71.7,21.3,Good,Excellent,3.9
AMH-03,Amhara,19,38,62.0,80,77.5,72.2,28.6,0.36,0.1,-70.1,13.3,Good,Excellent,3.9
AMH-03,Amhara,20,47,61.3,80,76.6,72.2,30.8,0.0,0.0,-70.9,16.0,Good,Good,3.9
AMH-03,Amhara,21,35,39.3,80,49.1,76.9,18.0,0.0,0.0,-70.3,18.0,Good,Excellent,3.9
AMH-03,Amhara,22,36,51.8,80,64.8,74.9,21.5,0.0,0.0,-64.6,20.0,Good,Excellent,3.9
AMH-03,Amhara,23,20,24.0,80,30.0,75.3,15.4,0.02,0.0,-71.4,16.4,Good,Excellent,3.9
AMH-04,Amhara,0,19,26.5,75,35.3,51.4,29.0,2.45,0.76,-120.1,9.5,Gap,Poor,7.36
AMH-04,Amhara,1,13,16.4,75,21.9,50.7,35.2,2.2,0.74,-118.4,8.3,Gap,Poor,7.36
AMH-04,Amhara,2,19,28.2,75,37.6,54.0,33.6,1.7,0.48,-114.7,11.3,Gap,Poor,7.36
AMH-04,Amhara,3,14,22.3,75,29.7,53.2,30.0,1.53,0.64,-113.7,12.8,Gap,Poor,7.36
AMH-04,Amhara,4,19,21.8,75,29.1,56.9,32.3,1.7,0.45,-114.6,13.5,Gap,Poor,7.36
AMH-04,Amhara,5,19,25.8,75,34.4,54.2,32.8,1.75,0.65,-114.3,9.1,Gap,Poor,7.36
AMH-04,Amhara,6,23,36.1,75,48.1,56.0,30.4,1.66,0.65,-114.4,10.8,Gap,Poor,7.36
AMH-04,Amhara,7,23,33.6,75,44.8,51.7,29.8,1.6,0.62,-114.3,14.6,Gap,Poor,7.36
AMH-04,Amhara,8,25,36.9,75,49.2,54.3,35.1,2.08,0.56,-117.7,12.1,Gap,Poor,7.36
AMH-04,Amhara,9,31,42.8,75,57.1,49.1,35.2,2.34,0.72,-118.2,13.8,Gap,Poor,7.36
AMH-04,Amhara,10,34,55.6,75,74.1,52.9,42.5,1.51,0.46,-112.3,15.0,Gap,Poor,7.36
AMH-04,Amhara,11,20,26.9,75,35.9,54.9,26.4,1.88,0.68,-114.9,10.7,Gap,Poor,7.36
AMH-04,Amhara,12,24,36.2,75,48.3,54.7,29.5,2.12,0.88,-116.1,11.8,Gap,Poor,7.36
AMH-04,Amhara,13,19,27.2,75,36.3,52.5,36.2,2.11,0.67,-117.8,10.5,Gap,Poor,7.36
AMH-04,Amhara,14,18,27.5,75,36.7,51.3,34.1,2.34,1.04,-118.7,9.7,Gap,Poor,7.36
AMH-04,Amhara,15,20,26.6,75,35.5,50.1,34.8,2.22,0.75,-119.3,12.9,Gap,Poor,7.36
AMH-04,Amhara,16,32,52.0,75,69.3,50.9,37.2,2.24,0.88,-117.1,12.7,Gap,Poor,7.36
AMH-04,Amhara,17,35,51.8,75,69.1,56.2,43.7,1.93,0.7,-115.4,10.1,Gap,Poor,7.36
AMH-04,Amhara,18,42,61.8,75,82.4,48.4,54.7,2.43,0.83,-116.9,7.7,Gap,Poor,7.36
AMH-04,Amhara,19,61,84.6,75,112.8,33.6,75.5,3.65,1.3,-113.4,12.2,Gap,Poor,7.36
AMH-04,Amhara,20,45,50.6,75,67.5,55.6,32.8,1.51,0.55,-111.6,12.6,Gap,Poor,7.36
AMH-04,Amhara,21,44,67.7,75,90.3,42.8,57.1,2.53,1.03,-112.8,8.7,Gap,Poor,7.36
AMH-04,Amhara,22,31,34.5,75,46.0,54.5,36.4,2.19,0.67,-116.7,11.1,Gap,Poor,7.36
AMH-04,Amhara,23,26,35.7,75,47.6,53.8,30.5,1.79,0.63,-114.4,11.7,Gap,Poor,7.36
AMH-05,Amhara,0,11,12.5,50,25.0,47.2,19.2,0.23,0.2,-80.2,18.0,Good,Excellent,1.94
AMH-05,Amhara,1,16,22.0,50,44.0,46.9,14.9,0.0,0.0,-74.5,17.1,Good,Excellent,1.94
AMH-05,Amhara,2,17,27.6,50,55.2,47.1,16.2,0.23,0.15,-79.8,17.2,Good,Excellent,1.94
AMH-05,Amhara,3,14,18.5,50,37.0,51.5,17.0,0.0,0.02,-79.9,16.5,Good,Excellent,1.94
AMH-05,Amhara,4,17,22.5,50,45.0,46.8,10.1,0.0,0.0,-76.9,21.5,Good,Excellent,1.94
AMH-05,Amhara,5,16,26.4,50,52.8,48.7,12.9,0.0,0.0,-81.1,16.5,Good,Excellent,1.94
AMH-05,Amhara,6,20,27.6,50,55.2,44.4,19.5,0.05,0.0,-77.1,17.3,Good,Excellent,1.94
AMH-05,Amhara,7,19,21.2,50,42.4,48.2,16.7,0.0,0.04,-78.4,16.0,Good,Excellent,1.94
AMH-05,Amhara,8,22,27.7,50,55.4,42.6,11.5,0.0,0.01,-79.7,18.0,Good,Excellent,1.94
AMH-05,Amhara,9,22,30.5,50,61.0,49.1,15.4,0.0,0.06,-76.9,18.8,Good,Excellent,1.94
AMH-05,Amhara,10,24,28.5,50,57.0,44.2,20.3,0.0,0.05,-79.9,19.2,Good,Excellent,1.94
AMH-05,Amhara,11,17,18.8,50,37.6,47.9,16.0,0.0,0.0,-77.9,17.4,Good,Excellent,1.94
AMH-05,Amhara,12,27,37.0,50,74.0,42.0,22.8,0.1,0.09,-76.0,15.1,Good,Excellent,1.94
AMH-05,Amhara,13,23,26.1,50,52.2,47.0,14.5,0.0,0.04,-75.6,19.4,Good,Excellent,1.94
AMH-05,Amhara,14,15,23.4,50,46.8,46.8,16.2,0.01,0.04,-74.1,16.5,Good,Excellent,1.94
AMH-05,Amhara,15,40,55.8,50,111.6,31.1,63.1,2.36,0.77,-80.8,15.4,Good,Poor,1.94
AMH-05,Amhara,16,32,47.6,50,95.2,38.9,47.8,1.2,0.56,-79.0,17.3,Good,Fair,1.94
AMH-05,Amhara,17,41,60.2,50,120.4,28.3,74.6,2.61,0.92,-79.3,15.2,Good,Poor,1.94
AMH-05,Amhara,18,51,70.2,50,140.4,21.5,88.7,4.12,1.49,-75.7,14.7,Good,Poor,1.94
AMH-05,Amhara,19,48,65.3,50,130.6,23.6,76.5,3.47,1.3,-78.5,11.6,Good,Poor,1.94
AMH-05,Amhara,20,44,57.6,50,115.2,30.4,62.7,2.33,0.87,-76.4,12.6,Good,Poor,1.94
AMH-05,Amhara,21,38,57.7,50,115.4,29.0,64.7,2.26,0.79,-75.4,13.1,Good,Poor,1.94
AMH-05,Amhara,22,32,52.7,50,105.4,34.0,53.9,1.95,0.67,-77.6,14.6,Good,Fair,1.94
AMH-05,Amhara,23,24,31.0,50,62.0,45.7,16.8,0.11,0.0,-79.5,18.2,Good,Excellent,1.94
AMH-06,Amhara,0,17,24.8,40,62.0,33.2,28.1,0.67,0.26,-107.2,15.7,Poor,Fair,6.33
AMH-06,Amhara,1,14,17.5,40,43.8,30.2,29.9,0.54,0.21,-105.4,11.4,Poor,Fair,6.33
AMH-06,Amhara,2,11,15.5,40,38.8,34.6,25.3,1.13,0.44,-108.1,12.1,Poor,Fair,6.33
AMH-06,Amhara,3,23,27.4,40,68.5,36.5,35.3,0.88,0.32,-106.8,15.3,Poor,Fair,6.33
AMH-06,Amhara,4,15,16.9,40,42.2,31.5,22.5,1.0,0.35,-105.8,13.7,Poor,Fair,6.33
AMH-06,Amhara,5,15,23.3,40,58.2,33.1,27.2,1.15,0.35,-108.3,10.9,Poor,Fair,6.33
AMH-06,Amhara,6,22,36.9,40,92.2,28.0,58.6,1.87,0.68,-108.7,11.1,Poor,Fair,6.33
AMH-06,Amhara,7,21,28.5,40,71.2,32.8,28.8,0.32,0.06,-103.7,15.6,Poor,Fair,6.33
AMH-06,Amhara,8,21,34.4,40,86.0,27.8,50.6,1.46,0.5,-107.3,13.0,Poor,Fair,6.33
AMH-06,Amhara,9,23,28.7,40,71.8,32.5,36.2,0.44,0.19,-104.3,13.4,Poor,Fair,6.33
AMH-06,Amhara,10,25,35.0,40,87.5,27.4,47.5,1.55,0.57,-106.2,15.9,Poor,Fair,6.33
AMH-06,Amhara,11,19,29.5,40,73.8,33.4,34.0,0.69,0.33,-104.7,13.4,Poor,Fair,6.33
AMH-06,Amhara,12,18,21.6,40,54.0,35.3,24.8,0.6,0.18,-106.4,13.7,Poor,Fair,6.33
AMH-06,Amhara,13,26,31.6,40,79.0,28.7,49.0,1.06,0.4,-106.3,15.9,Poor,Fair,6.33
AMH-06,Amhara,14,26,41.7,40,104.2,26.2,61.9,2.13,0.77,-103.8,13.4,Poor,Poor,6.33
AMH-06,Amhara,15,27,30.5,40,76.2,28.4,42.0,0.98,0.28,-106.4,13.7,Poor,Fair,6.33
AMH-06,Amhara,16,32,35.4,40,88.5,25.2,46.2,1.52,0.36,-105.6,12.7,Poor,Fair,6.33
AMH-06,Amhara,17,37,51.9,40,129.8,15.4,88.4,4.14,1.59,-109.0,8.5,Poor,Poor,6.33
AMH-06,Amhara,18,41,49.9,40,124.8,15.6,75.7,3.77,1.25,-105.4,11.4,Poor,Poor,6.33
AMH-06,Amhara,19,44,64.1,40,160.2,7.1,117.3,5.68,1.96,-106.5,6.7,Poor,Poor,6.33
AMH-06,Amhara,20,36,41.1,40,102.8,22.0,62.6,2.04,0.73,-105.8,11.7,Poor,Poor,6.33
AMH-06,Amhara,21,36,55.1,40,137.8,12.6,98.7,4.86,1.65,-106.8,7.7,Poor,Poor,6.33
AMH-06,Amhara,22,33,53.4,40,133.5,16.0,90.8,4.1,1.5,-105.9,8.9,Poor,Poor,6.33
AMH-06,Amhara,23,34,51.8,40,129.5,13.7,93.4,4.27,1.43,-109.6,7.6,Poor,Poor,6.33
TIG-01,Tigray,0,16,19.7,120,16.4,114.5,21.1,0.0,0.08,-87.9,15.0,Fair,Good,1.55
TIG-01,Tigray,1,15,24.1,120,20.1,112.1,12.4,0.26,0.08,-85.4,18.7,Fair,Good,1.55
TIG-01,Tigray,2,12,16.7,120,13.9,114.0,19.8,0.01,0.02,-86.6,17.6,Fair,Good,1.55
TIG-01,Tigray,3,17,28.4,120,23.7,117.3,18.3,0.0,0.0,-86.7,20.4,Fair,Good,1.55
TIG-01,Tigray,4,16,18.7,120,15.6,112.8,14.3,0.14,0.13,-83.0,17.3,Good,Excellent,1.55
TIG-01,Tigray,5,22,33.5,120,27.9,118.8,16.5,0.0,0.0,-83.1,18.0,Good,Excellent,1.55
TIG-01,Tigray,6,22,32.6,120,27.2,115.4,17.6,0.07,0.04,-82.5,14.3,Good,Excellent,1.55
TIG-01,Tigray,7,25,37.6,120,31.3,115.1,18.8,0.0,0.03,-85.5,19.0,Fair,Good,1.55
TIG-01,Tigray,8,25,41.5,120,34.6,115.6,18.9,0.0,0.0,-84.3,21.8,Good,Excellent,1.55
TIG-01,Tigray,9,23,32.4,120,27.0,112.6,15.6,0.17,0.08,-88.8,17.4,Fair,Good,1.55
TIG-01,Tigray,10,26,30.0,120,25.0,114.4,11.7,0.08,0.0,-85.5,15.9,Fair,Good,1.55
TIG-01,Tigray,11,20,31.7,120,26.4,117.8,20.9,0.0,0.06,-87.6,17.5,Fair,Good,1.55
TIG-01,Tigray,12,20,23.0,120,19.2,115.6,11.2,0.03,0.0,-85.1,18.9,Fair,Good,1.55
TIG-01,Tigray,13,16,22.4,120,18.7,113.7,15.0,0.0,0.0,-82.3,20.6,Good,Excellent,1.55
TIG-01,Tigray,14,29,40.4,120,33.7,116.2,17.3,0.0,0.04,-88.3,19.3,Fair,Good,1.55
TIG-01,Tigray,15,27,41.4,120,34.5,110.7,19.1,0.0,0.0,-84.8,18.7,Good,Excellent,1.55
TIG-01,Tigray,16,37,41.1,120,34.2,111.9,23.2,0.0,0.19,-86.3,17.1,Fair,Good,1.55
TIG-01,Tigray,17,41,47.9,120,39.9,113.8,15.1,0.01,0.0,-86.8,21.8,Fair,Good,1.55
TIG-01,Tigray,18,41,64.9,120,54.1,116.3,19.7,0.0,0.03,-81.0,19.0,Good,Excellent,1.55
TIG-01,Tigray,19,31,40.8,120,34.0,114.8,14.1,0.29,0.1,-88.3,15.6,Fair,Good,1.55
TIG-01,Tigray,20,50,64.3,120,53.6,111.3,16.0,0.0,0.08,-85.9,19.1,Fair,Good,1.55
TIG-01,Tigray,21,33,47.9,120,39.9,113.5,14.0,0.0,0.07,-84.9,17.4,Good,Excellent,1.55
TIG-01,Tigray,22,39,61.4,120,51.2,115.4,17.5,0.06,0.04,-85.6,15.2,Fair,Good,1.55
TIG-01,Tigray,23,31,39.0,120,32.5,114.1,13.3,0.09,0.07,-88.0,18.9,Fair,Good,1.55
TIG-02,Tigray,0,13,19.1,120,15.9,111.5,17.1,0.17,0.18,-76.6,18.2,Good,Excellent,2.34
TIG-02,Tigray,1,18,25.5,120,21.2,115.1,14.4,0.29,0.04,-76.3,14.9,Good,Excellent,2.34
TIG-02,Tigray,2,16,23.0,120,19.2,114.0,18.5,0.18,0.0,-75.6,17.7,Good,Excellent,2.34
TIG-02,Tigray,3,15,16.6,120,13.8,112.3,15.9,0.0,0.04,-73.2,18.5,Good,Excellent,2.34
TIG-02,Tigray,4,18,25.0,120,20.8,112.6,14.2,0.24,0.09,-78.5,17.8,Good,Excellent,2.34
TIG-02,Tigray,5,11,12.9,120,10.8,113.0,18.1,0.0,0.0,-77.0,17.1,Good,Excellent,2.34
TIG-02,Tigray,6,18,26.0,120,21.7,113.4,13.6,0.03,0.0,-79.5,16.3,Good,Excellent,2.34
TIG-02,Tigray,7,26,39.5,120,32.9,111.7,8.0,0.0,0.08,-74.9,15.9,Good,Excellent,2.34
TIG-02,Tigray,8,14,23.1,120,19.2,112.5,12.3,0.03,0.1,-74.7,21.3,Good,Excellent,2.34
TIG-02,Tigray,9,24,26.6,120,22.2,112.5,16.5,0.07,0.04,-77.0,18.6,Good,Excellent,2.34
TIG-02,Tigray,10,24,34.8,120,29.0,114.7,18.5,0.04,0.08,-77.9,20.1,Good,Excellent,2.34
TIG-02,Tigray,11,16,19.5,120,16.2,111.6,19.2,0.09,0.0,-76.4,18.4,Good,Excellent,2.34
TIG-02,Tigray,12,20,29.4,120,24.5,111.7,15.7,0.0,0.0,-77.0,17.6,Good,Excellent,2.34
TIG-02,Tigray,13,25,36.0,120,30.0,115.7,16.2,0.17,0.03,-73.9,17.7,Good,Excellent,2.34
TIG-02,Tigray,14,26,43.2,120,36.0,116.0,18.3,0.1,0.1,-78.8,16.2,Good,Excellent,2.34
TIG-02,Tigray,15,19,24.1,120,20.1,113.9,16.7,0.0,0.11,-73.8,19.3,Good,Excellent,2.34
TIG-02,Tigray,16,40,66.7,120,55.6,112.8,20.3,0.0,0.17,-78.3,16.4,Good,Excellent,2.34
TIG-02,Tigray,17,43,48.8,120,40.7,113.1,12.9,0.0,0.0,-77.3,15.2,Good,Excellent,2.34
TIG-02,Tigray,18,44,52.4,120,43.7,117.4,14.0,0.02,0.0,-73.1,19.5,Good,Excellent,2.34
TIG-02,Tigray,19,47,62.1,120,51.8,115.8,16.0,0.09,0.16,-76.9,18.5,Good,Excellent,2.34
TIG-02,Tigray,20,42,55.9,120,46.6,109.6,20.0,0.0,0.03,-78.5,17.9,Good,Excellent,2.34
TIG-02,Tigray,21,45,51.0,120,42.5,113.5,10.5,0.0,0.06,-76.8,18.7,Good,Excellent,2.34
TIG-02,Tigray,22,28,35.8,120,29.8,112.8,14.5,0.07,0.01,-77.1,20.3,Good,Excellent,2.34
TIG-02,Tigray,23,28,45.8,120,38.2,114.6,14.5,0.0,0.0,-72.8,17.5,Good,Excellent,2.34
TIG-03,Tigray,0,16,22.0,80,27.5,76.5,13.3,0.21,0.1,-87.8,15.4,Fair,Good,0.93
TIG-03,Tigray,1,20,33.3,80,41.6,75.4,17.5,0.0,0.0,-88.8,17.1,Fair,Good,0.93
TIG-03,Tigray,2,19,30.3,80,37.9,74.4,20.0,0.27,0.08,-91.3,14.5,Fair,Good,0.93
TIG-03,Tigray,3,16,20.9,80,26.1,76.4,17.3,0.29,0.2,-87.8,19.8,Fair,Good,0.93
TIG-03,Tigray,4,19,23.3,80,29.1,75.0,15.1,0.0,0.0,-88.0,17.5,Fair,Good,0.93
TIG-03,Tigray,5,19,30.6,80,38.2,74.8,19.3,0.0,0.05,-88.6,14.9,Fair,Good,0.93
TIG-03,Tigray,6,22,26.1,80,32.6,78.4,16.1,0.03,0.0,-90.0,17.3,Fair,Good,0.93
TIG-03,Tigray,7,18,29.8,80,37.2,75.2,14.2,0.25,0.14,-91.4,20.0,Fair,Good,0.93
TIG-03,Tigray,8,17,24.3,80,30.4,75.0,18.8,0.0,0.0,-84.7,18.2,Good,Excellent,0.93
TIG-03,Tigray,9,18,20.9,80,26.1,76.2,16.5,0.23,0.09,-89.6,18.4,Fair,Good,0.93
TIG-03,Tigray,10,23,36.2,80,45.3,75.5,16.0,0.05,0.02,-89.7,19.6,Fair,Good,0.93
TIG-03,Tigray,11,19,28.7,80,35.9,76.8,15.5,0.0,0.03,-89.7,19.9,Fair,Good,0.93
TIG-03,Tigray,12,13,16.0,80,20.0,76.5,14.5,0.14,0.0,-87.8,17.5,Fair,Good,0.93
TIG-03,Tigray,13,24,33.7,80,42.1,72.4,14.5,0.0,0.11,-89.5,19.5,Fair,Good,0.93
TIG-03,Tigray,14,21,24.3,80,30.4,77.3,12.2,0.0,0.0,-91.4,18.4,Fair,Good,0.93
TIG-03,Tigray,15,34,40.2,80,50.3,76.3,13.2,0.0,0.14,-88.4,18.4,Fair,Good,0.93
TIG-03,Tigray,16,32,46.1,80,57.6,76.4,12.2,0.0,0.14,-85.0,18.2,Fair,Good,0.93
TIG-03,Tigray,17,35,41.1,80,51.4,79.9,10.2,0.0,0.0,-90.0,18.2,Fair,Good,0.93
TIG-03,Tigray,18,36,53.0,80,66.2,74.1,27.6,0.0,0.0,-87.6,17.6,Fair,Good,0.93
TIG-03,Tigray,19,49,77.6,80,97.0,57.1,49.3,1.25,0.31,-87.4,15.0,Fair,Fair,0.93
TIG-03,Tigray,20,33,46.0,80,57.5,76.8,15.3,0.0,0.0,-84.4,18.4,Good,Excellent,0.93
TIG-03,Tigray,21,43,55.4,80,69.2,77.8,23.9,0.0,0.0,-91.8,18.4,Fair,Good,0.93
TIG-03,Tigray,22,32,46.2,80,57.8,78.9,15.5,0.25,0.18,-89.5,16.1,Fair,Good,0.93
TIG-03,Tigray,23,24,31.4,80,39.2,81.9,19.2,0.13,0.0,-87.3,18.5,Fair,Good,0.93
TIG-04,Tigray,0,15,22.8,100,22.8,65.8,27.8,2.32,0.86,-119.1,10.6,Gap,Poor,8.76
TIG-04,Tigray,1,15,17.1,100,17.1,65.0,33.2,2.3,0.91,-117.8,11.4,Gap,Poor,8.76
TIG-04,Tigray,2,19,24.5,100,24.5,70.6,32.0,1.75,0.43,-116.8,10.0,Gap,Poor,8.76
TIG-04,Tigray,3,11,17.5,100,17.5,69.0,30.2,2.2,0.86,-118.6,8.6,Gap,Poor,8.76
TIG-04,Tigray,4,15,17.3,100,17.3,69.8,31.7,2.16,0.78,-116.5,13.6,Gap,Poor,8.76
TIG-04,Tigray,5,18,23.3,100,23.3,73.8,36.3,2.06,0.76,-115.2,9.1,Gap,Poor,8.76
TIG-04,Tigray,6,21,27.5,100,27.5,71.9,33.7,1.94,0.78,-115.7,12.2,Gap,Poor,8.76
TIG-04,Tigray,7,22,33.5,100,33.5,73.0,28.9,1.97,0.68,-116.2,12.1,Gap,Poor,8.76
TIG-04,Tigray,8,18,21.7,100,21.7,70.3,32.4,2.25,0.79,-117.7,8.7,Gap,Poor,8.76
TIG-04,Tigray,9,18,22.3,100,22.3,73.7,34.9,1.91,0.52,-116.6,10.0,Gap,Poor,8.76
TIG-04,Tigray,10,20,26.3,100,26.3,65.2,38.0,2.63,0.94,-121.1,10.8,Gap,Poor,8.76
TIG-04,Tigray,11,21,31.6,100,31.6,66.1,34.9,2.56,0.87,-119.6,9.7,Gap,Poor,8.76
TIG-04,Tigray,12,16,23.8,100,23.8,69.4,41.2,2.42,0.94,-118.7,12.4,Gap,Poor,8.76
TIG-04,Tigray,13,23,25.8,100,25.8,74.4,33.1,2.02,0.8,-115.5,11.5,Gap,Poor,8.76
TIG-04,Tigray,14,26,41.1,100,41.1,69.7,36.0,1.9,0.82,-117.1,10.8,Gap,Poor,8.76
TIG-04,Tigray,15,27,42.0,100,42.0,68.1,36.4,2.06,0.7,-117.3,11.0,Gap,Poor,8.76
TIG-04,Tigray,16,42,64.4,100,64.4,71.6,35.6,1.73,0.63,-115.7,10.1,Gap,Poor,8.76
TIG-04,Tigray,17,45,67.1,100,67.1,73.1,38.9,1.58,0.49,-114.0,9.6,Gap,Poor,8.76
TIG-04,Tigray,18,53,83.6,100,83.6,60.2,54.6,2.67,0.92,-118.9,9.2,Gap,Poor,8.76
TIG-04,Tigray,19,46,55.2,100,55.2,70.2,35.1,2.39,0.84,-118.3,10.7,Gap,Poor,8.76
TIG-04,Tigray,20,41,63.1,100,63.1,67.2,38.3,2.32,0.64,-118.6,9.2,Gap,Poor,8.76
TIG-04,Tigray,21,44,69.4,100,69.4,75.3,36.5,1.69,0.74,-115.6,12.0,Gap,Poor,8.76
TIG-04,Tigray,22,27,30.0,100,30.0,70.1,32.2,2.21,0.61,-118.4,11.6,Gap,Poor,8.76
TIG-04,Tigray,23,27,32.0,100,32.0,66.2,36.2,2.67,0.89,-120.2,13.9,Gap,Poor,8.76
TIG-05,Tigray,0,13,17.7,40,44.2,41.0,17.8,0.01,0.0,-80.7,16.9,Good,Excellent,2.11
TIG-05,Tigray,1,19,25.9,40,64.8,39.6,24.7,0.1,0.0,-81.8,16.9,Good,Excellent,2.11
TIG-05,Tigray,2,16,26.6,40,66.5,35.7,21.4,0.0,0.06,-79.2,18.4,Good,Excellent,2.11
TIG-05,Tigray,3,13,14.7,40,36.8,37.4,13.2,0.2,0.0,-78.4,17.8,Good,Excellent,2.11
TIG-05,Tigray,4,19,24.4,40,61.0,36.2,16.3,0.0,0.0,-81.4,15.2,Good,Excellent,2.11
TIG-05,Tigray,5,17,24.1,40,60.2,37.6,18.1,0.05,0.0,-80.1,19.5,Good,Excellent,2.11
TIG-05,Tigray,6,17,28.9,40,72.2,38.0,24.3,0.04,0.08,-81.6,19.4,Good,Excellent,2.11
TIG-05,Tigray,7,16,25.7,40,64.2,40.4,23.1,0.0,0.0,-80.8,16.3,Good,Excellent,2.11
TIG-05,Tigray,8,27,38.5,40,96.2,31.1,48.4,1.31,0.72,-85.3,17.5,Fair,Fair,2.11
TIG-05,Tigray,9,20,22.2,40,55.5,38.8,15.6,0.04,0.06,-80.7,17.2,Good,Excellent,2.11
TIG-05,Tigray,10,27,31.7,40,79.2,37.4,31.6,0.42,0.16,-82.6,18.3,Good,Good,2.11
TIG-05,Tigray,11,18,20.7,40,51.8,34.9,17.7,0.09,0.05,-78.2,19.0,Good,Excellent,2.11
TIG-05,Tigray,12,17,27.5,40,68.8,36.8,26.2,0.0,0.01,-76.4,18.4,Good,Excellent,2.11
TIG-05,Tigray,13,21,23.3,40,58.2,38.6,17.8,0.0,0.0,-80.0,18.2,Good,Excellent,2.11
TIG-05,Tigray,14,21,33.2,40,83.0,32.3,36.3,0.65,0.22,-83.8,14.2,Good,Good,2.11
TIG-05,Tigray,15,29,35.2,40,88.0,33.9,34.6,0.98,0.37,-85.8,15.9,Fair,Good,2.11
TIG-05,Tigray,16,31,40.4,40,101.0,30.7,53.3,1.62,0.58,-80.8,14.5,Good,Fair,2.11
TIG-05,Tigray,17,48,68.0,40,170.0,9.3,115.7,5.61,2.0,-80.1,10.1,Good,Poor,2.11
TIG-05,Tigray,18,42,63.6,40,159.0,12.6,103.6,4.86,1.8,-81.8,11.9,Good,Poor,2.11
TIG-05,Tigray,19,40,55.9,40,139.8,18.9,86.1,3.88,1.23,-78.9,11.0,Good,Poor,2.11
TIG-05,Tigray,20,38,63.4,40,158.5,15.9,104.2,4.86,1.75,-80.6,12.1,Good,Poor,2.11
TIG-05,Tigray,21,45,54.6,40,136.5,16.2,85.2,3.93,1.42,-83.1,11.3,Good,Poor,2.11
TIG-05,Tigray,22,30,35.3,40,88.2,31.8,41.2,0.82,0.43,-81.0,17.8,Good,Good,2.11
TIG-05,Tigray,23,23,30.6,40,76.5,39.2,32.9,0.12,0.0,-80.7,17.6,Good,Good,2.11
TIG-06,Tigray,0,17,18.9,40,47.2,32.5,28.3,0.95,0.44,-108.1,12.1,Poor,Fair,7.5
TIG-06,Tigray,1,15,24.4,40,61.0,26.5,35.7,1.15,0.41,-108.9,14.0,Poor,Fair,7.5
TIG-06,Tigray,2,17,19.2,40,48.0,31.1,28.1,0.94,0.26,-109.2,13.8,Poor,Fair,7.5
TIG-06,Tigray,3,15,20.9,40,52.2,32.8,24.2,1.33,0.57,-107.3,13.6,Poor,Fair,7.5
TIG-06,Tigray,4,17,20.7,40,51.8,32.5,23.9,0.78,0.32,-105.8,11.5,Poor,Fair,7.5
TIG-06,Tigray,5,15,17.8,40,44.5,31.6,25.8,0.75,0.22,-105.5,16.2,Poor,Fair,7.5
TIG-06,Tigray,6,15,22.8,40,57.0,31.6,25.6,0.57,0.06,-106.0,13.7,Poor,Fair,7.5
TIG-06,Tigray,7,15,19.7,40,49.2,32.2,21.9,0.59,0.18,-106.2,14.9,Poor,Fair,7.5
TIG-06,Tigray,8,18,20.9,40,52.2,34.1,22.1,1.18,0.48,-109.7,13.5,Poor,Fair,7.5
TIG-06,Tigray,9,19,30.5,40,76.2,35.2,39.3,0.73,0.37,-104.7,15.8,Poor,Fair,7.5
TIG-06,Tigray,10,26,35.8,40,89.5,26.2,52.8,2.25,0.86,-108.8,10.2,Poor,Poor,7.5
TIG-06,Tigray,11,23,28.3,40,70.8,34.0,31.7,1.01,0.34,-107.7,15.4,Poor,Fair,7.5
TIG-06,Tigray,12,13,18.9,40,47.2,33.1,27.2,1.33,0.43,-110.5,14.1,Gap,Poor,7.5
TIG-06,Tigray,13,22,33.6,40,84.0,28.3,50.3,1.37,0.52,-107.0,10.6,Poor,Fair,7.5
TIG-06,Tigray,14,18,30.1,40,75.2,31.0,40.9,0.76,0.23,-105.9,13.0,Poor,Fair,7.5
TIG-06,Tigray,15,25,34.1,40,85.2,27.5,39.9,0.91,0.21,-104.3,13.1,Poor,Fair,7.5
TIG-06,Tigray,16,34,44.8,40,112.0,20.7,66.5,2.62,0.94,-103.2,11.8,Poor,Poor,7.5
TIG-06,Tigray,17,40,44.7,40,111.8,16.6,74.5,3.06,1.12,-107.3,13.9,Poor,Poor,7.5
TIG-06,Tigray,18,42,47.1,40,117.8,16.0,77.8,3.3,1.2,-107.0,12.6,Poor,Poor,7.5
TIG-06,Tigray,19,38,48.3,40,120.8,20.9,81.0,3.37,1.17,-106.1,8.0,Poor,Poor,7.5
TIG-06,Tigray,20,44,48.6,40,121.5,18.9,82.9,3.86,1.39,-108.9,9.2,Poor,Poor,7.5
TIG-06,Tigray,21,38,57.2,40,143.0,11.4,96.1,5.36,1.78,-107.8,6.6,Poor,Poor,7.5
TIG-06,Tigray,22,31,43.5,40,108.8,22.9,68.6,2.85,1.07,-106.6,12.2,Poor,Poor,7.5
TIG-06,Tigray,23,28,34.9,40,87.2,32.9,47.9,1.15,0.27,-102.9,12.4,Poor,Fair,7.5
SID-01,Sidama,0,18,24.6,80,30.8,77.6,15.7,0.26,0.0,-71.5,18.3,Good,Excellent,1.08
SID-01,Sidama,1,20,33.5,80,41.9,75.9,14.9,0.16,0.0,-73.3,21.2,Good,Excellent,1.08
SID-01,Sidama,2,13,15.8,80,19.8,76.5,17.1,0.12,0.09,-74.8,16.9,Good,Excellent,1.08
SID-01,Sidama,3,12,17.4,80,21.7,78.6,14.5,0.0,0.0,-73.4,17.2,Good,Excellent,1.08
SID-01,Sidama,4,19,26.5,80,33.1,73.8,20.6,0.15,0.13,-73.6,17.0,Good,Excellent,1.08
SID-01,Sidama,5,15,18.3,80,22.9,77.5,11.3,0.0,0.0,-76.4,20.9,Good,Excellent,1.08
SID-01,Sidama,6,20,30.7,80,38.4,79.8,15.6,0.0,0.08,-72.4,16.4,Good,Excellent,1.08
SID-01,Sidama,7,23,31.5,80,39.4,78.5,18.2,0.11,0.22,-73.5,20.1,Good,Excellent,1.08
SID-01,Sidama,8,26,38.4,80,48.0,75.9,10.7,0.0,0.03,-76.6,15.4,Good,Excellent,1.08
SID-01,Sidama,9,21,32.0,80,40.0,77.9,15.6,0.0,0.0,-75.3,15.9,Good,Excellent,1.08
SID-01,Sidama,10,28,41.9,80,52.4,74.2,12.1,0.2,0.13,-72.9,15.4,Good,Excellent,1.08
SID-01,Sidama,11,18,27.8,80,34.8,76.2,16.7,0.04,0.05,-75.1,21.4,Good,Excellent,1.08
SID-01,Sidama,12,23,30.3,80,37.9,75.3,13.7,0.0,0.09,-74.9,18.8,Good,Excellent,1.08
SID-01,Sidama,13,22,31.1,80,38.9,77.7,18.5,0.0,0.0,-76.5,19.1,Good,Excellent,1.08
SID-01,Sidama,14,21,23.4,80,29.2,76.5,18.9,0.0,0.13,-73.0,15.4,Good,Excellent,1.08
SID-01,Sidama,15,30,47.7,80,59.6,78.5,13.6,0.0,0.16,-73.3,16.8,Good,Excellent,1.08
SID-01,Sidama,16,27,45.5,80,56.9,80.2,16.1,0.0,0.01,-72.5,17.7,Good,Excellent,1.08
SID-01,Sidama,17,36,45.8,80,57.2,77.1,13.3,0.0,0.19,-75.6,16.1,Good,Excellent,1.08
SID-01,Sidama,18,40,44.7,80,55.9,79.8,10.0,0.0,0.16,-73.3,18.3,Good,Excellent,1.08
SID-01,Sidama,19,39,64.0,80,80.0,70.8,31.7,0.32,0.08,-75.4,18.1,Good,Good,1.08
SID-01,Sidama,20,43,62.5,80,78.1,71.9,26.5,0.36,0.18,-77.0,16.8,Good,Excellent,1.08
SID-01,Sidama,21,35,45.8,80,57.2,76.4,19.9,0.0,0.0,-74.9,20.4,Good,Excellent,1.08
SID-01,Sidama,22,35,47.0,80,58.8,79.2,18.5,0.0,0.0,-76.4,19.1,Good,Excellent,1.08
SID-01,Sidama,23,24,29.1,80,36.4,75.4,11.9,0.0,0.0,-74.4,19.4,Good,Excellent,1.08
SID-02,Sidama,0,15,19.2,120,16.0,116.5,13.7,0.04,0.05,-88.1,21.0,Fair,Good,2.67
SID-02,Sidama,1,15,17.9,120,14.9,112.8,18.2,0.05,0.09,-85.3,16.7,Fair,Good,2.67
SID-02,Sidama,2,14,19.8,120,16.5,113.2,18.4,0.0,0.0,-87.1,19.0,Fair,Good,2.67
SID-02,Sidama,3,17,26.8,120,22.3,114.6,20.1,0.12,0.14,-83.0,16.4,Good,Excellent,2.67
SID-02,Sidama,4,15,19.2,120,16.0,111.0,13.2,0.2,0.06,-81.0,18.7,Good,Excellent,2.67
SID-02,Sidama,5,24,35.9,120,29.9,114.6,16.8,0.0,0.0,-82.8,16.5,Good,Excellent,2.67
SID-02,Sidama,6,18,22.9,120,19.1,112.4,16.6,0.0,0.0,-85.1,19.9,Fair,Good,2.67
SID-02,Sidama,7,20,33.2,120,27.7,115.3,16.3,0.03,0.0,-86.6,17.3,Fair,Good,2.67
SID-02,Sidama,8,28,47.5,120,39.6,115.0,10.8,0.0,0.0,-85.6,18.3,Fair,Good,2.67
SID-02,Sidama,9,28,47.6,120,39.7,113.4,15.1,0.14,0.0,-86.7,16.5,Fair,Good,2.67
SID-02,Sidama,10,21,34.1,120,28.4,110.6,14.3,0.0,0.13,-86.8,18.6,Fair,Good,2.67
SID-02,Sidama,11,20,28.0,120,23.3,114.8,17.1,0.19,0.08,-82.0,16.6,Good,Excellent,2.67
SID-02,Sidama,12,18,23.2,120,19.3,113.9,16.3,0.01,0.0,-88.4,17.6,Fair,Good,2.67
SID-02,Sidama,13,13,16.0,120,13.3,115.3,18.4,0.0,0.0,-89.8,16.1,Fair,Good,2.67
SID-02,Sidama,14,21,23.8,120,19.8,114.9,18.2,0.39,0.0,-86.9,17.9,Fair,Good,2.67
SID-02,Sidama,15,24,29.2,120,24.3,115.4,15.5,0.0,0.0,-83.0,16.4,Good,Excellent,2.67
SID-02,Sidama,16,27,39.7,120,33.1,112.6,16.5,0.02,0.02,-87.4,14.7,Fair,Good,2.67
SID-02,Sidama,17,41,67.5,120,56.2,114.1,13.6,0.0,0.0,-85.9,18.3,Fair,Good,2.67
SID-02,Sidama,18,36,60.3,120,50.2,110.9,19.5,0.0,0.09,-86.3,18.0,Fair,Good,2.67
SID-02,Sidama,19,38,59.3,120,49.4,112.7,12.9,0.1,0.03,-82.5,16.8,Good,Excellent,2.67
SID-02,Sidama,20,54,71.0,120,59.2,115.9,15.7,0.0,0.05,-84.4,16.2,Good,Excellent,2.67
SID-02,Sidama,21,38,60.2,120,50.2,111.4,18.4,0.06,0.05,-87.7,17.4,Fair,Good,2.67
SID-02,Sidama,22,33,55.7,120,46.4,112.3,14.4,0.11,0.02,-85.8,17.1,Fair,Good,2.67
SID-02,Sidama,23,29,48.2,120,40.2,113.8,14.6,0.2,0.15,-80.1,19.7,Good,Excellent,2.67
SID-03,Sidama,0,17,19.2,100,19.2,91.1,19.5,0.0,0.08,-77.0,17.9,Good,Excellent,2.84
SID-03,Sidama,1,18,19.9,100,19.9,93.7,18.3,0.15,0.05,-76.0,17.4,Good,Excellent,2.84
SID-03,Sidama,2,18,23.0,100,23.0,98.5,13.9,0.0,0.0,-75.2,14.5,Good,Excellent,2.84
SID-03,Sidama,3,11,16.3,100,16.3,94.2,12.7,0.0,0.0,-76.6,19.2,Good,Excellent,2.84
SID-03,Sidama,4,19,29.1,100,29.1,97.1,15.8,0.15,0.02,-78.6,16.3,Good,Excellent,2.84
SID-03,Sidama,5,21,31.8,100,31.8,96.8,17.7,0.11,0.0,-77.9,14.6,Good,Excellent,2.84
SID-03,Sidama,6,18,27.3,100,27.3,92.7,18.4,0.23,0.14,-79.1,16.3,Good,Excellent,2.84
SID-03,Sidama,7,27,44.2,100,44.2,96.6,14.7,0.0,0.13,-74.0,16.7,Good,Excellent,2.84
SID-03,Sidama,8,24,26.5,100,26.5,93.6,22.4,0.0,0.05,-76.9,19.2,Good,Excellent,2.84
SID-03,Sidama,9,25,27.8,100,27.8,94.2,17.0,0.19,0.05,-73.3,19.0,Good,Excellent,2.84
SID-03,Sidama,10,20,25.3,100,25.3,99.3,10.8,0.0,0.0,-73.4,17.9,Good,Excellent,2.84
SID-03,Sidama,11,21,28.8,100,28.8,95.3,15.7,0.0,0.0,-78.0,15.6,Good,Excellent,2.84
SID-03,Sidama,12,17,19.3,100,19.3,93.8,11.5,0.0,0.0,-76.0,18.0,Good,Excellent,2.84
SID-03,Sidama,13,21,23.6,100,23.6,94.4,20.8,0.0,0.0,-75.6,18.3,Good,Excellent,2.84
SID-03,Sidama,14,21,31.3,100,31.3,95.7,22.2,0.0,0.0,-75.9,15.0,Good,Excellent,2.84
SID-03,Sidama,15,31,48.8,100,48.8,95.5,14.9,0.23,0.08,-78.0,16.2,Good,Excellent,2.84
SID-03,Sidama,16,34,53.0,100,53.0,96.1,13.9,0.02,0.08,-75.7,16.8,Good,Excellent,2.84
SID-03,Sidama,17,39,43.0,100,43.0,100.1,13.0,0.02,0.0,-74.1,19.8,Good,Excellent,2.84
SID-03,Sidama,18,45,63.2,100,63.2,92.6,21.1,0.12,0.0,-76.1,17.3,Good,Excellent,2.84
SID-03,Sidama,19,45,58.1,100,58.1,94.5,16.4,0.0,0.09,-77.6,19.5,Good,Excellent,2.84
SID-03,Sidama,20,41,60.5,100,60.5,96.0,15.6,0.0,0.08,-74.8,17.2,Good,Excellent,2.84
SID-03,Sidama,21,44,51.1,100,51.1,90.5,13.1,0.0,0.0,-75.4,18.5,Good,Excellent,2.84
SID-03,Sidama,22,33,45.6,100,45.6,95.7,15.4,0.04,0.0,-76.3,17.6,Good,Excellent,2.84
SID-03,Sidama,23,35,43.2,100,43.2,96.6,20.1,0.0,0.04,-79.4,17.6,Good,Excellent,2.84
SID-04,Sidama,0,15,20.6,75,27.5,51.9,32.2,1.99,0.86,-115.1,10.6,Gap,Poor,7.97
SID-04,Sidama,1,14,17.9,75,23.9,55.0,30.7,1.71,0.55,-114.2,12.9,Gap,Poor,7.97
SID-04,Sidama,2,15,22.0,75,29.3,58.5,29.7,1.3,0.48,-113.1,13.5,Gap,Poor,7.97
SID-04,Sidama,3,21,33.3,75,44.4,57.2,24.6,1.49,0.66,-112.9,11.9,Gap,Poor,7.97
SID-04,Sidama,4,14,21.0,75,28.0,51.9,28.4,1.77,0.65,-114.6,8.2,Gap,Poor,7.97
SID-04,Sidama,5,22,25.4,75,33.9,55.1,30.4,1.57,0.47,-112.7,14.5,Gap,Poor,7.97
SID-04,Sidama,6,15,21.4,75,28.5,56.5,33.2,1.45,0.51,-113.7,12.0,Gap,Poor,7.97
SID-04,Sidama,7,21,31.2,75,41.6,56.1,30.5,1.65,0.65,-114.4,10.3,Gap,Poor,7.97
SID-04,Sidama,8,27,45.4,75,60.5,50.6,34.4,2.07,0.88,-118.1,11.4,Gap,Poor,7.97
SID-04,Sidama,9,33,46.8,75,62.4,60.2,27.5,1.22,0.32,-109.8,12.8,Poor,Fair,7.97
SID-04,Sidama,10,31,40.7,75,54.3,58.2,29.8,1.69,0.52,-112.1,10.6,Gap,Poor,7.97
SID-04,Sidama,11,21,26.5,75,35.3,52.9,34.4,2.06,0.71,-117.5,7.4,Gap,Poor,7.97
SID-04,Sidama,12,21,25.2,75,33.6,59.8,24.0,1.56,0.64,-113.1,13.3,Gap,Poor,7.97
SID-04,Sidama,13,20,28.9,75,38.5,57.8,26.7,1.02,0.41,-111.5,14.8,Gap,Poor,7.97
SID-04,Sidama,14,25,34.0,75,45.3,57.4,27.1,1.47,0.44,-109.9,13.9,Poor,Fair,7.97
SID-04,Sidama,15,28,31.8,75,42.4,53.6,31.8,1.68,0.7,-116.4,12.6,Gap,Poor,7.97
SID-04,Sidama,16,31,46.6,75,62.1,49.3,34.5,2.05,0.82,-117.1,14.0,Gap,Poor,7.97
SID-04,Sidama,17,39,47.2,75,62.9,57.0,30.4,1.4,0.35,-113.4,11.4,Gap,Poor,7.97
SID-04,Sidama,18,42,48.7,75,64.9,54.8,36.5,1.18,0.4,-111.6,10.7,Gap,Poor,7.97
SID-04,Sidama,19,38,62.2,75,82.9,46.0,51.8,2.22,0.79,-115.4,9.6,Gap,Poor,7.97
SID-04,Sidama,20,35,45.6,75,60.8,57.7,27.2,1.56,0.46,-112.9,14.9,Gap,Poor,7.97
SID-04,Sidama,21,37,54.1,75,72.1,50.0,42.1,1.72,0.57,-117.2,13.5,Gap,Poor,7.97
SID-04,Sidama,22,42,55.6,75,74.1,57.5,46.6,1.53,0.49,-111.5,11.7,Gap,Poor,7.97
SID-04,Sidama,23,28,39.2,75,52.3,53.2,30.3,1.69,0.36,-114.3,13.5,Gap,Poor,7.97
SID-05,Sidama,0,13,16.0,40,40.0,38.3,8.3,0.0,0.05,-71.6,21.8,Good,Excellent,2.01
SID-05,Sidama,1,18,29.3,40,73.2,37.0,23.3,0.0,0.0,-74.7,18.1,Good,Excellent,2.01
SID-05,Sidama,2,17,26.7,40,66.8,38.6,22.5,0.0,0.08,-69.2,16.6,Good,Excellent,2.01
SID-05,Sidama,3,21,26.5,40,66.2,37.7,18.1,0.0,0.0,-69.4,17.4,Good,Excellent,2.01
SID-05,Sidama,4,14,22.4,40,56.0,37.1,20.3,0.0,0.0,-70.3,17.4,Good,Excellent,2.01
SID-05,Sidama,5,24,27.9,40,69.8,38.2,28.3,0.12,0.0,-71.8,22.2,Good,Excellent,2.01
SID-05,Sidama,6,19,27.4,40,68.5,36.4,19.0,0.15,0.01,-75.0,19.9,Good,Excellent,2.01
SID-05,Sidama,7,18,20.8,40,52.0,35.9,19.2,0.0,0.0,-71.5,18.7,Good,Excellent,2.01
SID-05,Sidama,8,30,44.3,40,110.8,28.5,65.3,2.13,0.9,-73.5,16.8,Good,Poor,2.01
SID-05,Sidama,9,22,35.1,40,87.8,33.2,41.4,0.57,0.15,-74.2,19.7,Good,Good,2.01
SID-05,Sidama,10,26,31.3,40,78.2,36.6,34.1,0.22,0.1,-73.3,18.9,Good,Good,2.01
SID-05,Sidama,11,23,37.6,40,94.0,31.5,45.5,1.05,0.39,-72.0,17.9,Good,Fair,2.01
SID-05,Sidama,12,23,34.7,40,86.8,31.4,39.4,0.63,0.23,-74.0,16.1,Good,Good,2.01
SID-05,Sidama,13,22,35.3,40,88.2,30.5,39.6,0.9,0.42,-69.8,16.7,Good,Good,2.01
SID-05,Sidama,14,18,27.2,40,68.0,39.0,24.7,0.0,0.0,-71.5,19.4,Good,Excellent,2.01
SID-05,Sidama,15,31,49.9,40,124.8,20.6,70.9,2.97,1.04,-70.2,14.4,Good,Poor,2.01
SID-05,Sidama,16,32,38.6,40,96.5,30.7,51.1,1.14,0.33,-71.8,16.4,Good,Fair,2.01
SID-05,Sidama,17,49,70.9,40,177.3,4.4,121.6,6.2,2.08,-68.2,10.0,Good,Poor,2.01
SID-05,Sidama,18,47,72.5,40,181.2,9.3,124.7,6.33,2.25,-74.1,9.4,Good,Poor,2.01
SID-05,Sidama,19,48,53.8,40,134.5,18.7,86.4,3.57,1.23,-67.9,13.7,Good,Poor,2.01
SID-05,Sidama,20,39,49.4,40,123.5,23.9,70.7,2.97,0.96,-73.2,13.9,Good,Poor,2.01
SID-05,Sidama,21,26,31.4,40,78.5,39.0,30.7,0.42,0.13,-71.5,15.9,Good,Good,2.01
SID-05,Sidama,22,31,50.4,40,126.0,23.5,80.2,3.13,1.02,-70.3,17.7,Good,Poor,2.01
SID-05,Sidama,23,22,37.3,40,93.2,34.1,45.2,1.1,0.46,-73.9,13.0,Good,Fair,2.01
SID-06,Sidama,0,13,15.0,50,30.0,41.5,32.3,1.05,0.25,-109.8,11.9,Poor,Fair,7.2
SID-06,Sidama,1,12,16.8,50,33.6,33.7,28.5,1.84,0.65,-115.3,12.9,Gap,Poor,7.2
SID-06,Sidama,2,17,19.0,50,38.0,38.5,29.9,1.59,0.53,-113.2,13.2,Gap,Poor,7.2
SID-06,Sidama,3,17,23.1,50,46.2,37.9,26.4,1.13,0.37,-110.3,14.2,Gap,Poor,7.2
SID-06,Sidama,4,12,19.4,50,38.8,37.3,26.1,1.64,0.64,-113.5,10.8,Gap,Poor,7.2
SID-06,Sidama,5,16,21.6,50,43.2,38.3,25.4,1.47,0.48,-113.9,14.6,Gap,Poor,7.2
SID-06,Sidama,6,24,33.0,50,66.0,41.2,32.2,0.89,0.47,-109.6,14.4,Poor,Fair,7.2
SID-06,Sidama,7,13,20.7,50,41.4,36.6,28.5,1.42,0.55,-110.6,13.4,Gap,Poor,7.2
SID-06,Sidama,8,20,27.1,50,54.2,34.9,31.9,1.87,0.57,-116.3,10.7,Gap,Poor,7.2
SID-06,Sidama,9,22,35.3,50,70.6,41.3,41.6,1.79,0.53,-112.9,13.7,Gap,Poor,7.2
SID-06,Sidama,10,13,17.9,50,35.8,37.6,24.8,1.18,0.28,-111.0,13.0,Gap,Poor,7.2
SID-06,Sidama,11,17,26.9,50,53.8,37.7,33.7,1.44,0.5,-114.1,7.6,Gap,Poor,7.2
SID-06,Sidama,12,26,32.0,50,64.0,38.9,31.5,1.33,0.27,-111.3,11.7,Gap,Poor,7.2
SID-06,Sidama,13,27,38.4,50,76.8,39.4,41.0,1.35,0.52,-111.4,10.4,Gap,Poor,7.2
SID-06,Sidama,14,29,34.8,50,69.6,34.6,41.2,1.35,0.44,-111.9,13.5,Gap,Poor,7.2
SID-06,Sidama,15,28,36.8,50,73.6,34.8,47.5,2.1,0.65,-118.0,10.1,Gap,Poor,7.2
SID-06,Sidama,16,27,41.5,50,83.0,31.4,51.9,2.11,0.82,-113.5,11.6,Gap,Poor,7.2
SID-06,Sidama,17,41,48.8,50,97.6,31.5,63.4,3.12,1.06,-114.8,9.0,Gap,Poor,7.2
SID-06,Sidama,18,45,74.0,50,148.0,8.7,112.4,6.41,2.33,-115.8,5.4,Gap,Poor,7.2
SID-06,Sidama,19,38,57.5,50,115.0,22.5,82.5,4.27,1.48,-113.8,6.3,Gap,Poor,7.2
SID-06,Sidama,20,49,60.6,50,121.2,17.5,85.5,4.56,1.48,-115.2,5.9,Gap,Poor,7.2
SID-06,Sidama,21,48,73.5,50,147.0,9.8,112.2,6.25,2.13,-114.5,6.1,Gap,Poor,7.2
SID-06,Sidama,22,29,32.6,50,65.2,34.6,37.3,1.79,0.68,-113.5,13.9,Gap,Poor,7.2
SID-06,Sidama,23,27,37.1,50,74.2,36.6,44.7,1.36,0.44,-113.1,13.3,Gap,Poor,7.2
